cluster_name	role_name	ordinal	cluster_ordinal	private_ip_address	ip_address	instance_id	launch_time	state	zone
rnaseq-recompute	toil-worker	0	101	172.31.31.54	54.213.140.253	i-3b6cd2fc	2016-02-10T07:00:26.000Z	running	us-west-2a
rnaseq-recompute	toil-worker	1	102	172.31.18.162	54.213.145.215	i-526ad495	2016-02-10T07:00:26.000Z	running	us-west-2a
rnaseq-recompute	toil-worker	2	103	172.31.17.49	54.213.180.187	i-ea6ad42d	2016-02-10T07:00:32.000Z	running	us-west-2a
rnaseq-recompute	toil-worker	3	104	172.31.29.248	54.213.174.86	i-6c6ad4ab	2016-02-10T07:00:32.000Z	running	us-west-2a
rnaseq-recompute	toil-worker	4	105	172.31.31.143	54.213.191.237	i-206dd3e7	2016-02-10T07:00:33.000Z	running	us-west-2a
rnaseq-recompute	toil-worker	5	106	172.31.30.31	54.200.28.18	i-2d6cd2ea	2016-02-10T07:00:33.000Z	running	us-west-2a
rnaseq-recompute	toil-worker	6	107	172.31.23.98	54.213.121.198	i-6c6dd3ab	2016-02-10T07:00:32.000Z	running	us-west-2a
rnaseq-recompute	toil-worker	7	108	172.31.29.88	54.213.158.209	i-286cd2ef	2016-02-10T07:00:33.000Z	running	us-west-2a
rnaseq-recompute	toil-worker	8	109	172.31.27.83	54.213.147.23	i-336cd2f4	2016-02-10T07:00:32.000Z	running	us-west-2a
rnaseq-recompute	toil-worker	9	110	172.31.17.148	54.213.104.197	i-e96ad42e	2016-02-10T07:00:32.000Z	running	us-west-2a
rnaseq-recompute	toil-worker	10	111	172.31.21.15	54.213.177.245	i-276dd3e0	2016-02-10T07:00:33.000Z	running	us-west-2a
rnaseq-recompute	toil-worker	11	112	172.31.19.191	54.213.162.236	i-296cd2ee	2016-02-10T07:00:33.000Z	running	us-west-2a
rnaseq-recompute	toil-worker	12	113	172.31.25.53	54.213.191.140	i-6d6dd3aa	2016-02-10T07:00:33.000Z	running	us-west-2a
rnaseq-recompute	toil-worker	13	114	172.31.23.153	54.213.148.40	i-436dd384	2016-02-10T07:00:32.000Z	running	us-west-2a
rnaseq-recompute	toil-worker	14	115	172.31.19.138	54.191.91.170	i-246dd3e3	2016-02-10T07:00:32.000Z	running	us-west-2a
rnaseq-recompute	toil-worker	15	116	172.31.28.42	54.213.155.215	i-736ad4b4	2016-02-10T07:00:32.000Z	running	us-west-2a
rnaseq-recompute	toil-worker	16	117	172.31.28.158	54.213.223.80	i-eb6ad42c	2016-02-10T07:00:33.000Z	running	us-west-2a
rnaseq-recompute	toil-worker	17	118	172.31.31.150	54.213.193.101	i-256dd3e2	2016-02-10T07:00:32.000Z	running	us-west-2a
rnaseq-recompute	toil-worker	18	119	172.31.30.149	54.201.55.234	i-e86ad42f	2016-02-10T07:00:31.000Z	running	us-west-2a
rnaseq-recompute	toil-worker	19	120	172.31.31.34	54.213.217.52	i-6e6ad4a9	2016-02-10T07:00:33.000Z	running	us-west-2a
rnaseq-recompute	toil-worker	20	121	172.31.27.194	54.213.217.90	i-2e6cd2e9	2016-02-10T07:00:33.000Z	running	us-west-2a
rnaseq-recompute	toil-worker	21	122	172.31.23.233	54.213.156.203	i-2c6cd2eb	2016-02-10T07:00:33.000Z	running	us-west-2a
rnaseq-recompute	toil-worker	22	123	172.31.18.0	54.213.191.77	i-2f6cd2e8	2016-02-10T07:00:33.000Z	running	us-west-2a
rnaseq-recompute	toil-worker	23	124	172.31.18.129	54.213.178.157	i-266dd3e1	2016-02-10T07:00:32.000Z	running	us-west-2a
rnaseq-recompute	toil-worker	24	125	172.31.19.200	54.213.193.83	i-726ad4b5	2016-02-10T07:00:32.000Z	running	us-west-2a
cluster_name	role_name	ordinal	cluster_ordinal	private_ip_address	ip_address	instance_id	launch_time	state	zone
rnaseq-recompute	toil-worker	0	26	172.31.26.223	54.218.64.143	i-9e863f59	2016-02-10T16:05:42.000Z	running	us-west-2a
rnaseq-recompute	toil-worker	1	27	172.31.17.156	54.213.111.253	i-b7873e70	2016-02-10T16:05:43.000Z	running	us-west-2a
rnaseq-recompute	toil-worker	2	28	172.31.27.195	54.200.142.17	i-4c843d8b	2016-02-10T16:05:42.000Z	running	us-west-2a
rnaseq-recompute	toil-worker	3	29	172.31.18.64	54.218.62.58	i-6a843dad	2016-02-10T16:05:43.000Z	running	us-west-2a
rnaseq-recompute	toil-worker	4	30	172.31.30.230	54.201.251.139	i-b1873e76	2016-02-10T16:05:42.000Z	running	us-west-2a
rnaseq-recompute	toil-worker	5	31	172.31.20.220	54.218.61.234	i-70843db7	2016-02-10T16:05:42.000Z	running	us-west-2a
rnaseq-recompute	toil-worker	6	32	172.31.21.78	54.218.62.87	i-b2873e75	2016-02-10T16:05:42.000Z	running	us-west-2a
rnaseq-recompute	toil-worker	7	33	172.31.29.54	54.218.66.196	i-9c863f5b	2016-02-10T16:05:43.000Z	running	us-west-2a
rnaseq-recompute	toil-worker	8	34	172.31.22.236	54.218.64.180	i-26853ce1	2016-02-10T16:05:42.000Z	running	us-west-2a
rnaseq-recompute	toil-worker	9	35	172.31.31.64	54.218.66.197	i-42843d85	2016-02-10T16:05:43.000Z	running	us-west-2a
rnaseq-recompute	toil-worker	10	36	172.31.24.18	54.191.240.169	i-74843db3	2016-02-10T16:05:42.000Z	running	us-west-2a
rnaseq-recompute	toil-worker	11	37	172.31.22.3	54.200.22.141	i-75843db2	2016-02-10T16:05:42.000Z	running	us-west-2a
rnaseq-recompute	toil-worker	12	38	172.31.16.229	54.218.67.30	i-b6873e71	2016-02-10T16:05:43.000Z	running	us-west-2a
rnaseq-recompute	toil-worker	13	39	172.31.23.232	54.191.209.195	i-b5873e72	2016-02-10T16:05:43.000Z	running	us-west-2a
rnaseq-recompute	toil-worker	14	40	172.31.22.89	54.200.168.104	i-41843d86	2016-02-10T16:05:43.000Z	running	us-west-2a
rnaseq-recompute	toil-worker	15	41	172.31.22.122	54.218.62.31	i-77843db0	2016-02-10T16:05:42.000Z	running	us-west-2a
rnaseq-recompute	toil-worker	16	42	172.31.16.63	54.218.66.223	i-92863f55	2016-02-10T16:05:43.000Z	running	us-west-2a
rnaseq-recompute	toil-worker	17	43	172.31.24.196	54.213.15.115	i-9f863f58	2016-02-10T16:05:42.000Z	running	us-west-2a
rnaseq-recompute	toil-worker	18	44	172.31.17.251	54.191.87.177	i-40843d87	2016-02-10T16:05:43.000Z	running	us-west-2a
rnaseq-recompute	toil-worker	19	45	172.31.17.66	54.218.66.199	i-6b843dac	2016-02-10T16:05:43.000Z	running	us-west-2a
rnaseq-recompute	toil-worker	20	46	172.31.20.155	54.218.61.141	i-b0873e77	2016-02-10T16:05:43.000Z	running	us-west-2a
rnaseq-recompute	toil-worker	21	47	172.31.18.235	54.200.145.115	i-4d843d8a	2016-02-10T16:05:42.000Z	running	us-west-2a
rnaseq-recompute	toil-worker	22	48	172.31.19.250	54.213.225.6	i-93863f54	2016-02-10T16:05:43.000Z	running	us-west-2a
rnaseq-recompute	toil-worker	23	49	172.31.24.235	54.191.115.136	i-9d863f5a	2016-02-10T16:05:42.000Z	running	us-west-2a
rnaseq-recompute	toil-worker	24	50	172.31.26.153	54.218.63.202	i-27853ce0	2016-02-10T16:05:42.000Z	running	us-west-2a
cluster_name	role_name	ordinal	cluster_ordinal	private_ip_address	ip_address	instance_id	launch_time	state	zone
rnaseq-recompute	toil-worker	0	51	172.31.29.41	54.218.69.186	i-7179c0b6	2016-02-10T16:13:25.000Z	running	us-west-2a
rnaseq-recompute	toil-worker	1	52	172.31.16.159	54.191.182.81	i-107ac3d7	2016-02-10T16:13:25.000Z	running	us-west-2a
rnaseq-recompute	toil-worker	2	53	172.31.25.212	54.213.223.155	i-177ac3d0	2016-02-10T16:13:25.000Z	running	us-west-2a
rnaseq-recompute	toil-worker	3	54	172.31.18.129	54.218.70.21	i-157ac3d2	2016-02-10T16:13:25.000Z	running	us-west-2a
rnaseq-recompute	toil-worker	4	55	172.31.26.249	54.200.162.179	i-d37ac314	2016-02-10T16:13:25.000Z	running	us-west-2a
rnaseq-recompute	toil-worker	5	56	172.31.21.17	54.201.46.227	i-3378c1f4	2016-02-10T16:13:25.000Z	running	us-west-2a
rnaseq-recompute	toil-worker	6	57	172.31.30.5	54.218.68.44	i-3d78c1fa	2016-02-10T16:13:25.000Z	running	us-west-2a
rnaseq-recompute	toil-worker	7	58	172.31.16.83	54.218.35.226	i-3e78c1f9	2016-02-10T16:13:25.000Z	running	us-west-2a
rnaseq-recompute	toil-worker	8	59	172.31.27.72	54.218.54.2	i-5e7bc299	2016-02-10T16:13:25.000Z	running	us-west-2a
rnaseq-recompute	toil-worker	9	60	172.31.17.79	54.218.40.166	i-127ac3d5	2016-02-10T16:13:25.000Z	running	us-west-2a
rnaseq-recompute	toil-worker	10	61	172.31.28.25	54.201.35.158	i-7779c0b0	2016-02-10T16:13:25.000Z	running	us-west-2a
rnaseq-recompute	toil-worker	11	62	172.31.29.98	54.200.27.105	i-537bc294	2016-02-10T16:13:25.000Z	running	us-west-2a
rnaseq-recompute	toil-worker	12	63	172.31.23.227	54.191.185.137	i-7c79c0bb	2016-02-10T16:13:25.000Z	running	us-west-2a
rnaseq-recompute	toil-worker	13	64	172.31.31.47	54.213.223.105	i-d17ac316	2016-02-10T16:13:25.000Z	running	us-west-2a
rnaseq-recompute	toil-worker	14	65	172.31.22.39	54.201.152.82	i-117ac3d6	2016-02-10T16:13:25.000Z	running	us-west-2a
rnaseq-recompute	toil-worker	15	66	172.31.28.104	54.213.241.172	i-d27ac315	2016-02-10T16:13:25.000Z	running	us-west-2a
rnaseq-recompute	toil-worker	16	67	172.31.24.232	54.191.170.234	i-d07ac317	2016-02-10T16:13:25.000Z	running	us-west-2a
rnaseq-recompute	toil-worker	17	68	172.31.21.223	54.213.221.246	i-7279c0b5	2016-02-10T16:13:25.000Z	running	us-west-2a
rnaseq-recompute	toil-worker	18	69	172.31.31.177	54.213.84.37	i-7579c0b2	2016-02-10T16:13:25.000Z	running	us-west-2a
rnaseq-recompute	toil-worker	19	70	172.31.18.21	54.200.186.4	i-5c7bc29b	2016-02-10T16:13:25.000Z	running	us-west-2a
rnaseq-recompute	toil-worker	20	71	172.31.22.70	54.213.221.171	i-7679c0b1	2016-02-10T16:13:25.000Z	running	us-west-2a
rnaseq-recompute	toil-worker	21	72	172.31.23.93	54.191.184.140	i-3c78c1fb	2016-02-10T16:13:25.000Z	running	us-west-2a
rnaseq-recompute	toil-worker	22	73	172.31.17.92	54.213.244.45	i-7379c0b4	2016-02-10T16:13:25.000Z	running	us-west-2a
rnaseq-recompute	toil-worker	23	74	172.31.18.89	54.201.173.105	i-7079c0b7	2016-02-10T16:13:25.000Z	running	us-west-2a
rnaseq-recompute	toil-worker	24	75	172.31.30.178	54.191.145.54	i-5d7bc29a	2016-02-10T16:13:25.000Z	running	us-west-2a
cluster_name	role_name	ordinal	cluster_ordinal	private_ip_address	ip_address	instance_id	launch_time	state	zone
rnaseq-recompute	toil-worker	0	76	172.31.27.69	54.213.239.155	i-fa7cc53d	2016-02-10T16:20:28.000Z	running	us-west-2a
rnaseq-recompute	toil-worker	1	77	172.31.21.56	54.201.216.93	i-9e7fc659	2016-02-10T16:20:28.000Z	running	us-west-2a
rnaseq-recompute	toil-worker	2	78	172.31.25.181	54.200.25.163	i-3a7dc4fd	2016-02-10T16:20:28.000Z	running	us-west-2a
rnaseq-recompute	toil-worker	3	79	172.31.24.184	54.191.84.226	i-da7fc61d	2016-02-10T16:20:28.000Z	running	us-west-2a
rnaseq-recompute	toil-worker	4	80	172.31.28.102	54.213.228.152	i-7a7cc5bd	2016-02-10T16:20:28.000Z	running	us-west-2a
rnaseq-recompute	toil-worker	5	81	172.31.26.113	54.191.165.141	i-397dc4fe	2016-02-10T16:20:28.000Z	running	us-west-2a
rnaseq-recompute	toil-worker	6	82	172.31.28.52	54.218.49.107	i-917fc656	2016-02-10T16:20:30.000Z	running	us-west-2a
rnaseq-recompute	toil-worker	7	83	172.31.29.36	54.218.3.227	i-f87cc53f	2016-02-10T16:20:28.000Z	running	us-west-2a
rnaseq-recompute	toil-worker	8	84	172.31.17.142	54.191.114.36	i-d87fc61f	2016-02-10T16:20:28.000Z	running	us-west-2a
rnaseq-recompute	toil-worker	9	85	172.31.27.203	54.213.112.211	i-4c7cc58b	2016-02-10T16:20:28.000Z	running	us-west-2a
rnaseq-recompute	toil-worker	10	86	172.31.20.143	54.213.121.11	i-9b7fc65c	2016-02-10T16:20:28.000Z	running	us-west-2a
rnaseq-recompute	toil-worker	11	87	172.31.24.245	54.213.224.165	i-fb7cc53c	2016-02-10T16:20:28.000Z	running	us-west-2a
rnaseq-recompute	toil-worker	12	88	172.31.16.72	54.218.34.240	i-847fc643	2016-02-10T16:20:28.000Z	running	us-west-2a
rnaseq-recompute	toil-worker	13	89	172.31.17.184	54.218.39.126	i-9f7fc658	2016-02-10T16:20:28.000Z	running	us-west-2a
rnaseq-recompute	toil-worker	14	90	172.31.30.31	54.213.172.8	i-857fc642	2016-02-10T16:20:28.000Z	running	us-west-2a
rnaseq-recompute	toil-worker	15	91	172.31.17.163	54.191.217.30	i-7b7cc5bc	2016-02-10T16:20:28.000Z	running	us-west-2a
rnaseq-recompute	toil-worker	16	92	172.31.21.45	54.218.14.177	i-997fc65e	2016-02-10T16:20:28.000Z	running	us-west-2a
rnaseq-recompute	toil-worker	17	93	172.31.31.100	54.191.210.151	i-f97cc53e	2016-02-10T16:20:28.000Z	running	us-west-2a
rnaseq-recompute	toil-worker	18	94	172.31.31.44	54.200.40.187	i-db7fc61c	2016-02-10T16:20:28.000Z	running	us-west-2a
rnaseq-recompute	toil-worker	19	95	172.31.31.92	54.213.178.224	i-987fc65f	2016-02-10T16:20:28.000Z	running	us-west-2a
rnaseq-recompute	toil-worker	20	96	172.31.19.35	54.213.194.85	i-647dc4a3	2016-02-10T16:20:28.000Z	running	us-west-2a
rnaseq-recompute	toil-worker	21	97	172.31.30.156	54.218.15.51	i-9a7fc65d	2016-02-10T16:20:28.000Z	running	us-west-2a
rnaseq-recompute	toil-worker	22	98	172.31.29.143	54.213.255.186	i-a47cc563	2016-02-10T16:20:28.000Z	running	us-west-2a
rnaseq-recompute	toil-worker	23	99	172.31.17.27	54.213.157.86	i-d97fc61e	2016-02-10T16:20:28.000Z	running	us-west-2a
rnaseq-recompute	toil-worker	24	100	172.31.19.22	54.213.223.55	i-867fc641	2016-02-10T16:20:28.000Z	running	us-west-2a
rnaseq-recompute	toil-worker	25	147	172.31.27.85	54.191.84.184	i-f07cc537	2016-02-10T16:20:39.000Z	running	us-west-2a
rnaseq-recompute	toil-worker	26	148	172.31.26.180	54.191.242.212	i-737cc5b4	2016-02-10T16:20:39.000Z	running	us-west-2a
rnaseq-recompute	toil-worker	27	149	172.31.17.215	54.213.180.132	i-fd7cc53a	2016-02-10T16:20:38.000Z	running	us-west-2a
rnaseq-recompute	toil-worker	28	150	172.31.20.94	54.201.84.84	i-377dc4f0	2016-02-10T16:20:39.000Z	running	us-west-2a
rnaseq-recompute	toil-worker	29	151	172.31.21.182	54.201.52.152	i-7d7cc5ba	2016-02-10T16:20:38.000Z	running	us-west-2a
rnaseq-recompute	toil-worker	30	152	172.31.23.215	54.213.238.121	i-707cc5b7	2016-02-10T16:20:39.000Z	running	us-west-2a
rnaseq-recompute	toil-worker	31	153	172.31.18.214	54.213.239.159	i-dc7fc61b	2016-02-10T16:20:38.000Z	running	us-west-2a
rnaseq-recompute	toil-worker	32	154	172.31.26.35	54.191.210.253	i-bf7fc678	2016-02-10T16:20:39.000Z	running	us-west-2a
rnaseq-recompute	toil-worker	33	155	172.31.22.223	54.191.242.49	i-ba7fc67d	2016-02-10T16:20:38.000Z	running	us-west-2a
rnaseq-recompute	toil-worker	34	156	172.31.18.72	54.218.61.74	i-317dc4f6	2016-02-10T16:20:39.000Z	running	us-west-2a
rnaseq-recompute	toil-worker	35	157	172.31.23.147	54.200.60.230	i-327dc4f5	2016-02-10T16:20:38.000Z	running	us-west-2a
rnaseq-recompute	toil-worker	36	158	172.31.23.99	54.200.132.233	i-727cc5b5	2016-02-10T16:20:39.000Z	running	us-west-2a
rnaseq-recompute	toil-worker	37	159	172.31.25.151	54.218.28.144	i-f37cc534	2016-02-10T16:20:39.000Z	running	us-west-2a
rnaseq-recompute	toil-worker	38	160	172.31.29.32	54.213.244.54	i-d27fc615	2016-02-10T16:20:39.000Z	running	us-west-2a
rnaseq-recompute	toil-worker	39	161	172.31.23.43	54.213.235.176	i-357dc4f2	2016-02-10T16:20:39.000Z	running	us-west-2a
rnaseq-recompute	toil-worker	40	162	172.31.25.30	54.213.168.27	i-dd7fc61a	2016-02-10T16:20:38.000Z	running	us-west-2a
rnaseq-recompute	toil-worker	41	163	172.31.25.79	54.191.155.110	i-347dc4f3	2016-02-10T16:20:39.000Z	running	us-west-2a
rnaseq-recompute	toil-worker	42	164	172.31.16.27	54.213.221.188	i-be7fc679	2016-02-10T16:20:39.000Z	running	us-west-2a
rnaseq-recompute	toil-worker	43	165	172.31.31.118	54.213.135.224	i-2a7dc4ed	2016-02-10T16:20:39.000Z	running	us-west-2a
rnaseq-recompute	toil-worker	44	166	172.31.23.53	54.213.175.157	i-7c7cc5bb	2016-02-10T16:20:38.000Z	running	us-west-2a
rnaseq-recompute	toil-worker	45	167	172.31.23.21	54.191.182.62	i-f77cc530	2016-02-10T16:20:39.000Z	running	us-west-2a
rnaseq-recompute	toil-worker	46	168	172.31.29.224	54.218.65.147	i-f17cc536	2016-02-10T16:20:39.000Z	running	us-west-2a
rnaseq-recompute	toil-worker	47	169	172.31.28.150	54.201.210.124	i-fc7cc53b	2016-02-10T16:20:39.000Z	running	us-west-2a
rnaseq-recompute	toil-worker	48	170	172.31.26.30	54.201.220.152	i-bb7fc67c	2016-02-10T16:20:38.000Z	running	us-west-2a
rnaseq-recompute	toil-worker	49	171	172.31.30.212	54.218.28.216	i-df7fc618	2016-02-10T16:20:33.000Z	running	us-west-2a
rnaseq-recompute	toil-worker	50	172	172.31.17.97	54.218.32.180	i-ff7cc538	2016-02-10T16:20:30.000Z	running	us-west-2a
rnaseq-recompute	toil-worker	51	173	172.31.26.94	54.201.194.9	i-d77fc610	2016-02-10T16:20:40.000Z	running	us-west-2a
rnaseq-recompute	toil-worker	52	174	172.31.22.42	54.213.178.160	i-367dc4f1	2016-02-10T16:20:39.000Z	running	us-west-2a
rnaseq-recompute	toil-worker	53	175	172.31.28.91	54.191.170.70	i-f27cc535	2016-02-10T16:20:39.000Z	running	us-west-2a
rnaseq-recompute	toil-worker	54	176	172.31.31.25	54.218.60.203	i-d07fc617	2016-02-10T16:20:39.000Z	running	us-west-2a
rnaseq-recompute	toil-worker	55	177	172.31.22.66	54.218.35.40	i-d37fc614	2016-02-10T16:20:38.000Z	running	us-west-2a
rnaseq-recompute	toil-worker	56	178	172.31.18.136	54.191.90.217	i-717cc5b6	2016-02-10T16:20:39.000Z	running	us-west-2a
rnaseq-recompute	toil-worker	57	179	172.31.27.234	54.200.227.78	i-307dc4f7	2016-02-10T16:20:39.000Z	running	us-west-2a
rnaseq-recompute	toil-worker	58	180	172.31.26.65	54.218.29.47	i-337dc4f4	2016-02-10T16:20:38.000Z	running	us-west-2a
rnaseq-recompute	toil-worker	59	181	172.31.31.164	54.218.47.84	i-b97fc67e	2016-02-10T16:20:39.000Z	running	us-west-2a
rnaseq-recompute	toil-worker	60	182	172.31.28.87	54.191.88.59	i-2b7dc4ec	2016-02-10T16:20:39.000Z	running	us-west-2a
rnaseq-recompute	toil-worker	61	183	172.31.21.1	54.213.21.37	i-e97cc52e	2016-02-10T16:20:50.000Z	running	us-west-2a
rnaseq-recompute	toil-worker	62	184	172.31.28.44	54.201.253.181	i-6d7cc5aa	2016-02-10T16:20:51.000Z	running	us-west-2a
rnaseq-recompute	toil-worker	63	185	172.31.20.21	54.191.169.205	i-b47fc673	2016-02-10T16:20:49.000Z	running	us-west-2a
rnaseq-recompute	toil-worker	64	186	172.31.25.242	54.191.244.254	i-b67fc671	2016-02-10T16:20:49.000Z	running	us-west-2a
rnaseq-recompute	toil-worker	65	187	172.31.26.76	54.213.16.104	i-ab7fc66c	2016-02-10T16:20:49.000Z	running	us-west-2a
rnaseq-recompute	toil-worker	66	188	172.31.30.64	54.200.211.30	i-207dc4e7	2016-02-10T16:20:51.000Z	running	us-west-2a
rnaseq-recompute	toil-worker	67	189	172.31.17.246	54.191.94.90	i-2d7dc4ea	2016-02-10T16:20:50.000Z	running	us-west-2a
rnaseq-recompute	toil-worker	68	190	172.31.29.126	54.191.115.23	i-d57fc612	2016-02-10T16:20:44.000Z	running	us-west-2a
rnaseq-recompute	toil-worker	69	191	172.31.31.80	54.191.116.13	i-c97fc60e	2016-02-10T16:20:50.000Z	running	us-west-2a
rnaseq-recompute	toil-worker	70	192	172.31.19.58	54.213.163.223	i-ea7cc52d	2016-02-10T16:20:50.000Z	running	us-west-2a
rnaseq-recompute	toil-worker	71	193	172.31.23.123	54.213.173.133	i-6a7cc5ad	2016-02-10T16:20:49.000Z	running	us-west-2a
rnaseq-recompute	toil-worker	72	194	172.31.25.56	54.213.244.55	i-687cc5af	2016-02-10T16:20:50.000Z	running	us-west-2a
rnaseq-recompute	toil-worker	73	195	172.31.17.187	54.218.61.93	i-f67cc531	2016-02-10T16:20:41.000Z	running	us-west-2a
rnaseq-recompute	toil-worker	74	196	172.31.19.179	54.218.62.81	i-ce7fc609	2016-02-10T16:20:50.000Z	running	us-west-2a
rnaseq-recompute	toil-worker	75	197	172.31.22.25	54.213.15.176	i-a97fc66e	2016-02-10T16:20:51.000Z	running	us-west-2a
rnaseq-recompute	toil-worker	76	198	172.31.17.188	54.200.31.139	i-cb7fc60c	2016-02-10T16:20:49.000Z	running	us-west-2a
rnaseq-recompute	toil-worker	77	199	172.31.17.133	54.218.47.25	i-697cc5ae	2016-02-10T16:20:50.000Z	running	us-west-2a
rnaseq-recompute	toil-worker	78	200	172.31.21.211	54.218.41.19	i-ca7fc60d	2016-02-10T16:20:50.000Z	running	us-west-2a
rnaseq-recompute	toil-worker	79	201	172.31.24.149	54.213.154.77	i-f47cc533	2016-02-10T16:20:50.000Z	running	us-west-2a
rnaseq-recompute	toil-worker	80	202	172.31.24.248	54.218.69.243	i-217dc4e6	2016-02-10T16:20:50.000Z	running	us-west-2a
rnaseq-recompute	toil-worker	81	203	172.31.31.85	54.218.68.97	i-777cc5b0	2016-02-10T16:20:41.000Z	running	us-west-2a
rnaseq-recompute	toil-worker	82	204	172.31.18.207	54.218.49.137	i-2c7dc4eb	2016-02-10T16:20:50.000Z	running	us-west-2a
rnaseq-recompute	toil-worker	83	205	172.31.22.218	54.213.218.39	i-6f7cc5a8	2016-02-10T16:20:50.000Z	running	us-west-2a
rnaseq-recompute	toil-worker	84	206	172.31.29.8	54.218.69.40	i-aa7fc66d	2016-02-10T16:20:51.000Z	running	us-west-2a
rnaseq-recompute	toil-worker	85	207	172.31.16.162	54.213.174.160	i-b57fc672	2016-02-10T16:20:49.000Z	running	us-west-2a
rnaseq-recompute	toil-worker	86	208	172.31.25.179	54.201.174.1	i-b77fc670	2016-02-10T16:20:49.000Z	running	us-west-2a
rnaseq-recompute	toil-worker	87	209	172.31.29.13	54.218.27.91	i-f57cc532	2016-02-10T16:20:49.000Z	running	us-west-2a
rnaseq-recompute	toil-worker	88	210	172.31.17.84	54.218.39.169	i-6e7cc5a9	2016-02-10T16:20:50.000Z	running	us-west-2a
rnaseq-recompute	toil-worker	89	211	172.31.21.210	54.191.235.222	i-6b7cc5ac	2016-02-10T16:20:49.000Z	running	us-west-2a
rnaseq-recompute	toil-worker	90	212	172.31.18.134	54.191.244.185	i-b07fc677	2016-02-10T16:20:49.000Z	running	us-west-2a
rnaseq-recompute	toil-worker	91	213	172.31.29.27	54.218.62.39	i-c87fc60f	2016-02-10T16:20:50.000Z	running	us-west-2a
rnaseq-recompute	toil-worker	92	214	172.31.27.181	54.213.90.199	i-227dc4e5	2016-02-10T16:20:50.000Z	running	us-west-2a
rnaseq-recompute	toil-worker	93	215	172.31.24.201	54.218.69.165	i-cf7fc608	2016-02-10T16:20:50.000Z	running	us-west-2a
rnaseq-recompute	toil-worker	94	216	172.31.18.26	54.218.68.246	i-d67fc611	2016-02-10T16:20:40.000Z	running	us-west-2a
rnaseq-recompute	toil-worker	95	217	172.31.28.179	54.191.146.71	i-757cc5b2	2016-02-10T16:20:43.000Z	running	us-west-2a
rnaseq-recompute	toil-worker	96	218	172.31.18.174	54.218.70.54	i-a87fc66f	2016-02-10T16:20:52.000Z	running	us-west-2a
rnaseq-recompute	toil-worker	97	219	172.31.25.3	54.218.67.55	i-bc7fc67b	2016-02-10T16:20:43.000Z	running	us-west-2a
rnaseq-recompute	toil-worker	98	220	172.31.20.152	54.213.166.172	i-eb7cc52c	2016-02-10T16:20:50.000Z	running	us-west-2a
rnaseq-recompute	toil-worker	99	221	172.31.20.130	54.218.39.148	i-5f7fc698	2016-02-10T16:21:00.000Z	running	us-west-2a
cluster_name	role_name	ordinal	cluster_ordinal	private_ip_address	ip_address	instance_id	launch_time	state	zone
rnaseq-recompute	toil-worker	0	101	172.31.18.48	54.200.87.237	i-317fc6f6	2016-02-10T16:26:46.000Z	running	us-west-2a
rnaseq-recompute	toil-worker	1	102	172.31.24.249	54.200.153.197	i-377ec7f0	2016-02-10T16:26:46.000Z	running	us-west-2a
rnaseq-recompute	toil-worker	2	103	172.31.25.19	54.191.114.245	i-9470c953	2016-02-10T16:26:46.000Z	running	us-west-2a
rnaseq-recompute	toil-worker	3	104	172.31.27.186	54.201.204.154	i-307ec7f7	2016-02-10T16:26:46.000Z	running	us-west-2a
rnaseq-recompute	toil-worker	4	105	172.31.22.72	54.213.148.111	i-8b70c94c	2016-02-10T16:26:46.000Z	running	us-west-2a
rnaseq-recompute	toil-worker	5	106	172.31.28.101	54.200.24.55	i-367ec7f1	2016-02-10T16:26:46.000Z	running	us-west-2a
rnaseq-recompute	toil-worker	6	108	172.31.29.249	54.201.11.184	i-267fc6e1	2016-02-10T16:26:56.000Z	running	us-west-2a
rnaseq-recompute	toil-worker	7	109	172.31.29.121	54.201.199.212	i-237fc6e4	2016-02-10T16:26:55.000Z	running	us-west-2a
rnaseq-recompute	toil-worker	8	111	172.31.16.205	54.191.177.230	i-4a7ec78d	2016-02-10T16:26:55.000Z	running	us-west-2a
rnaseq-recompute	toil-worker	9	112	172.31.30.109	54.213.251.217	i-df70c918	2016-02-10T16:26:56.000Z	running	us-west-2a
rnaseq-recompute	toil-worker	10	113	172.31.21.234	54.191.216.231	i-8370c944	2016-02-10T16:26:55.000Z	running	us-west-2a
rnaseq-recompute	toil-worker	11	114	172.31.30.214	54.213.248.65	i-217fc6e6	2016-02-10T16:26:55.000Z	running	us-west-2a
rnaseq-recompute	toil-worker	12	115	172.31.22.79	54.191.90.241	i-2c7fc6eb	2016-02-10T16:26:55.000Z	running	us-west-2a
rnaseq-recompute	toil-worker	13	117	172.31.31.172	54.218.2.37	i-2d7ec7ea	2016-02-10T16:26:55.000Z	running	us-west-2a
rnaseq-recompute	toil-worker	14	118	172.31.17.218	54.213.84.79	i-287ec7ef	2016-02-10T16:26:55.000Z	running	us-west-2a
rnaseq-recompute	toil-worker	15	119	172.31.28.83	54.191.144.217	i-8c70c94b	2016-02-10T16:26:55.000Z	running	us-west-2a
rnaseq-recompute	toil-worker	16	120	172.31.18.67	54.201.83.133	i-287fc6ef	2016-02-10T16:26:55.000Z	running	us-west-2a
rnaseq-recompute	toil-worker	17	121	172.31.20.197	54.218.69.197	i-4671c881	2016-02-10T16:26:57.000Z	running	us-west-2a
rnaseq-recompute	toil-worker	18	122	172.31.29.171	54.213.248.163	i-4c7ec78b	2016-02-10T16:26:57.000Z	running	us-west-2a
rnaseq-recompute	toil-worker	19	123	172.31.19.123	54.200.106.24	i-487ec78f	2016-02-10T16:26:55.000Z	running	us-west-2a
rnaseq-recompute	toil-worker	20	124	172.31.26.139	54.218.29.75	i-297ec7ee	2016-02-10T16:26:55.000Z	running	us-west-2a
rnaseq-recompute	toil-worker	21	222	172.31.30.1	54.201.166.80	i-8970c94e	2016-02-10T16:26:52.000Z	running	us-west-2a
rnaseq-recompute	toil-worker	22	223	172.31.25.113	54.200.217.163	i-2c7ec7eb	2016-02-10T16:26:55.000Z	running	us-west-2a
rnaseq-recompute	toil-worker	23	224	172.31.26.165	54.191.234.37	i-4c71c88b	2016-02-10T16:26:55.000Z	running	us-west-2a
rnaseq-recompute	toil-worker	24	225	172.31.16.48	54.213.225.254	i-8e70c949	2016-02-10T16:26:55.000Z	running	us-west-2a
rnaseq-recompute	toil-worker	25	226	172.31.19.101	54.201.196.129	i-207fc6e7	2016-02-10T16:26:56.000Z	running	us-west-2a
rnaseq-recompute	toil-worker	26	227	172.31.31.28	54.200.45.19	i-4371c884	2016-02-10T16:26:56.000Z	running	us-west-2a
rnaseq-recompute	toil-worker	27	228	172.31.25.20	54.213.216.62	i-d270c915	2016-02-10T16:26:56.000Z	running	us-west-2a
rnaseq-recompute	toil-worker	28	229	172.31.23.177	54.201.105.248	i-8f70c948	2016-02-10T16:26:55.000Z	running	us-west-2a
rnaseq-recompute	toil-worker	29	230	172.31.23.76	54.218.30.6	i-4e7ec789	2016-02-10T16:26:56.000Z	running	us-west-2a
rnaseq-recompute	toil-worker	30	231	172.31.20.193	54.191.122.41	i-4b7ec78c	2016-02-10T16:26:55.000Z	running	us-west-2a
rnaseq-recompute	toil-worker	31	232	172.31.29.117	54.213.141.251	i-2e7fc6e9	2016-02-10T16:26:55.000Z	running	us-west-2a
rnaseq-recompute	toil-worker	32	233	172.31.19.9	54.218.14.169	i-8d70c94a	2016-02-10T16:26:55.000Z	running	us-west-2a
rnaseq-recompute	toil-worker	33	234	172.31.17.226	54.218.62.113	i-8270c945	2016-02-10T16:26:57.000Z	running	us-west-2a
rnaseq-recompute	toil-worker	34	235	172.31.29.47	54.218.16.70	i-2a7ec7ed	2016-02-10T16:26:55.000Z	running	us-west-2a
rnaseq-recompute	toil-worker	35	236	172.31.31.154	54.218.69.9	i-277fc6e0	2016-02-10T16:26:56.000Z	running	us-west-2a
rnaseq-recompute	toil-worker	36	237	172.31.27.20	54.191.128.170	i-497ec78e	2016-02-10T16:26:55.000Z	running	us-west-2a
rnaseq-recompute	toil-worker	37	238	172.31.24.204	54.213.119.37	i-2f7fc6e8	2016-02-10T16:26:55.000Z	running	us-west-2a
rnaseq-recompute	toil-worker	38	239	172.31.17.176	54.191.180.23	i-2d7fc6ea	2016-02-10T16:26:55.000Z	running	us-west-2a
rnaseq-recompute	toil-worker	39	240	172.31.28.22	54.200.155.26	i-4771c880	2016-02-10T16:26:57.000Z	running	us-west-2a
rnaseq-recompute	toil-worker	40	241	172.31.24.106	54.201.210.231	i-d370c914	2016-02-10T16:26:56.000Z	running	us-west-2a
rnaseq-recompute	toil-worker	41	242	172.31.25.122	54.191.251.51	i-227fc6e5	2016-02-10T16:26:55.000Z	running	us-west-2a
rnaseq-recompute	toil-worker	42	243	172.31.25.206	54.200.31.178	i-4f7ec788	2016-02-10T16:26:55.000Z	running	us-west-2a
rnaseq-recompute	toil-worker	43	244	172.31.19.29	54.191.87.79	i-257fc6e2	2016-02-10T16:26:57.000Z	running	us-west-2a
rnaseq-recompute	toil-worker	44	245	172.31.21.103	54.191.137.92	i-4d7ec78a	2016-02-10T16:26:57.000Z	running	us-west-2a
rnaseq-recompute	toil-worker	45	246	172.31.25.202	54.191.169.42	i-4271c885	2016-02-10T16:26:56.000Z	running	us-west-2a
rnaseq-recompute	toil-worker	46	247	172.31.18.112	54.218.70.41	i-7c7ec7bb	2016-02-10T16:27:06.000Z	running	us-west-2a
rnaseq-recompute	toil-worker	47	248	172.31.23.90	54.218.70.137	i-6a71c8ad	2016-02-10T16:27:07.000Z	running	us-west-2a
rnaseq-recompute	toil-worker	48	249	172.31.17.198	54.191.139.49	i-ce70c909	2016-02-10T16:27:08.000Z	running	us-west-2a
rnaseq-recompute	toil-worker	49	250	172.31.21.11	54.218.69.97	i-777ec7b0	2016-02-10T16:27:07.000Z	running	us-west-2a
rnaseq-recompute	toil-worker	50	251	172.31.16.176	54.201.11.81	i-7f7ec7b8	2016-02-10T16:27:06.000Z	running	us-west-2a
rnaseq-recompute	toil-worker	51	252	172.31.27.200	54.200.238.76	i-cb70c90c	2016-02-10T16:27:06.000Z	running	us-west-2a
rnaseq-recompute	toil-worker	52	253	172.31.31.119	54.218.68.171	i-d570c912	2016-02-10T16:27:06.000Z	running	us-west-2a
rnaseq-recompute	toil-worker	53	254	172.31.23.56	54.191.128.186	i-7b7fc6bc	2016-02-10T16:27:06.000Z	running	us-west-2a
rnaseq-recompute	toil-worker	54	255	172.31.18.185	54.213.117.101	i-d170c916	2016-02-10T16:27:06.000Z	running	us-west-2a
rnaseq-recompute	toil-worker	55	256	172.31.17.244	54.218.69.226	i-8670c941	2016-02-10T16:27:07.000Z	running	us-west-2a
rnaseq-recompute	toil-worker	56	257	172.31.31.60	54.218.69.28	i-7771c8b0	2016-02-10T16:27:06.000Z	running	us-west-2a
rnaseq-recompute	toil-worker	57	258	172.31.29.185	54.218.69.98	i-7571c8b2	2016-02-10T16:27:06.000Z	running	us-west-2a
rnaseq-recompute	toil-worker	58	259	172.31.19.183	54.191.84.177	i-797fc6be	2016-02-10T16:27:08.000Z	running	us-west-2a
rnaseq-recompute	toil-worker	59	260	172.31.19.48	54.218.9.96	i-d070c917	2016-02-10T16:27:06.000Z	running	us-west-2a
rnaseq-recompute	toil-worker	60	261	172.31.18.237	54.218.69.251	i-d670c911	2016-02-10T16:27:06.000Z	running	us-west-2a
rnaseq-recompute	toil-worker	61	262	172.31.27.42	54.218.70.175	i-8170c946	2016-02-10T16:27:06.000Z	running	us-west-2a
rnaseq-recompute	toil-worker	62	263	172.31.18.1	54.218.70.130	i-7d7ec7ba	2016-02-10T16:27:06.000Z	running	us-west-2a
rnaseq-recompute	toil-worker	63	264	172.31.29.174	54.218.70.59	i-727ec7b5	2016-02-10T16:27:06.000Z	running	us-west-2a
rnaseq-recompute	toil-worker	64	265	172.31.22.138	54.213.89.252	i-7e7ec7b9	2016-02-10T16:27:06.000Z	running	us-west-2a
rnaseq-recompute	toil-worker	65	266	172.31.17.149	54.218.34.163	i-247fc6e3	2016-02-10T16:27:03.000Z	running	us-west-2a
rnaseq-recompute	toil-worker	66	267	172.31.16.21	54.201.5.233	i-d470c913	2016-02-10T16:27:06.000Z	running	us-west-2a
rnaseq-recompute	toil-worker	67	268	172.31.27.210	54.191.186.49	i-707ec7b7	2016-02-10T16:27:07.000Z	running	us-west-2a
rnaseq-recompute	toil-worker	68	269	172.31.25.88	54.191.120.163	i-d770c910	2016-02-10T16:27:06.000Z	running	us-west-2a
rnaseq-recompute	toil-worker	69	270	172.31.18.50	54.218.40.189	i-7a7fc6bd	2016-02-10T16:27:07.000Z	running	us-west-2a
rnaseq-recompute	toil-worker	70	271	172.31.20.117	54.213.228.50	i-8770c940	2016-02-10T16:27:06.000Z	running	us-west-2a
rnaseq-recompute	toil-worker	71	272	172.31.23.125	54.218.70.9	i-737ec7b4	2016-02-10T16:27:06.000Z	running	us-west-2a
rnaseq-recompute	toil-worker	72	273	172.31.23.182	54.191.170.89	i-6971c8ae	2016-02-10T16:27:07.000Z	running	us-west-2a
rnaseq-recompute	toil-worker	73	274	172.31.31.120	54.191.89.180	i-8070c947	2016-02-10T16:27:06.000Z	running	us-west-2a
rnaseq-recompute	toil-worker	74	275	172.31.30.68	54.218.70.203	i-4471c883	2016-02-10T16:27:06.000Z	running	us-west-2a
rnaseq-recompute	toil-worker	75	276	172.31.21.145	54.218.71.50	i-b370c974	2016-02-10T16:27:17.000Z	running	us-west-2a
rnaseq-recompute	toil-worker	76	277	172.31.21.144	54.218.70.181	i-697ec7ae	2016-02-10T16:27:17.000Z	running	us-west-2a
rnaseq-recompute	toil-worker	77	278	172.31.17.164	54.213.249.83	i-6171c8a6	2016-02-10T16:27:14.000Z	running	us-west-2a
rnaseq-recompute	toil-worker	78	279	172.31.20.255	54.218.71.2	i-7c7fc6bb	2016-02-10T16:27:17.000Z	running	us-west-2a
rnaseq-recompute	toil-worker	79	280	172.31.16.33	54.213.224.146	i-6771c8a0	2016-02-10T16:27:17.000Z	running	us-west-2a
rnaseq-recompute	toil-worker	80	281	172.31.29.21	54.201.42.194	i-6f7ec7a8	2016-02-10T16:27:17.000Z	running	us-west-2a
rnaseq-recompute	toil-worker	81	282	172.31.18.165	54.218.70.213	i-1d70c9da	2016-02-10T16:27:19.000Z	running	us-west-2a
rnaseq-recompute	toil-worker	82	283	172.31.16.227	54.218.33.204	i-b170c976	2016-02-10T16:27:17.000Z	running	us-west-2a
rnaseq-recompute	toil-worker	83	284	172.31.24.98	54.218.70.162	i-6e7ec7a9	2016-02-10T16:27:17.000Z	running	us-west-2a
rnaseq-recompute	toil-worker	84	285	172.31.23.191	54.218.71.40	i-1e70c9d9	2016-02-10T16:27:18.000Z	running	us-west-2a
rnaseq-recompute	toil-worker	85	286	172.31.31.249	54.218.71.5	i-1b70c9dc	2016-02-10T16:27:18.000Z	running	us-west-2a
rnaseq-recompute	toil-worker	86	287	172.31.30.240	54.218.70.103	i-637ec7a4	2016-02-10T16:27:18.000Z	running	us-west-2a
rnaseq-recompute	toil-worker	87	288	172.31.29.189	54.201.203.235	i-687ec7af	2016-02-10T16:27:17.000Z	running	us-west-2a
rnaseq-recompute	toil-worker	88	289	172.31.20.17	54.218.71.7	i-c270c905	2016-02-10T16:27:17.000Z	running	us-west-2a
rnaseq-recompute	toil-worker	89	290	172.31.24.228	54.218.70.224	i-b970c97e	2016-02-10T16:27:17.000Z	running	us-west-2a
rnaseq-recompute	toil-worker	90	291	172.31.29.154	54.200.14.0	i-6571c8a2	2016-02-10T16:27:17.000Z	running	us-west-2a
rnaseq-recompute	toil-worker	91	292	172.31.25.170	54.218.70.159	i-9b73ca5c	2016-02-10T16:27:18.000Z	running	us-west-2a
rnaseq-recompute	toil-worker	92	293	172.31.27.128	54.218.70.228	i-c370c904	2016-02-10T16:27:17.000Z	running	us-west-2a
rnaseq-recompute	toil-worker	93	294	172.31.27.89	54.218.70.209	i-6d7ec7aa	2016-02-10T16:27:17.000Z	running	us-west-2a
rnaseq-recompute	toil-worker	94	295	172.31.30.255	54.201.198.166	i-bd70c97a	2016-02-10T16:27:17.000Z	running	us-west-2a
rnaseq-recompute	toil-worker	95	296	172.31.28.166	54.200.143.164	i-c170c906	2016-02-10T16:27:18.000Z	running	us-west-2a
rnaseq-recompute	toil-worker	96	297	172.31.31.223	54.201.125.134	i-9973ca5e	2016-02-10T16:27:19.000Z	running	us-west-2a
rnaseq-recompute	toil-worker	97	298	172.31.19.218	54.201.104.219	i-677ec7a0	2016-02-10T16:27:25.000Z	running	us-west-2a
rnaseq-recompute	toil-worker	98	299	172.31.31.130	54.218.71.102	i-9e73ca59	2016-02-10T16:27:28.000Z	running	us-west-2a
rnaseq-recompute	toil-worker	99	300	172.31.20.132	54.191.197.216	i-a870c96f	2016-02-10T16:27:28.000Z	running	us-west-2a
cluster_name	role_name	ordinal	cluster_ordinal	private_ip_address	ip_address	instance_id	launch_time	state	zone
rnaseq-recompute	toil-worker	0	301	172.31.29.218	54.191.171.249	i-d777ce10	2016-02-10T16:36:12.000Z	running	us-west-2a
rnaseq-recompute	toil-worker	1	302	172.31.28.220	54.213.172.2	i-d674cd11	2016-02-10T16:36:12.000Z	running	us-west-2a
rnaseq-recompute	toil-worker	2	303	172.31.21.18	54.218.47.69	i-6c74cdab	2016-02-10T16:36:11.000Z	running	us-west-2a
rnaseq-recompute	toil-worker	3	304	172.31.25.178	54.218.62.121	i-d177ce16	2016-02-10T16:36:12.000Z	running	us-west-2a
rnaseq-recompute	toil-worker	4	305	172.31.18.144	54.218.72.213	i-9f76cf58	2016-02-10T16:36:12.000Z	running	us-west-2a
rnaseq-recompute	toil-worker	5	306	172.31.19.67	54.218.72.217	i-d074cd17	2016-02-10T16:36:11.000Z	running	us-west-2a
rnaseq-recompute	toil-worker	6	307	172.31.24.8	54.191.170.158	i-9b77ce5c	2016-02-10T16:36:11.000Z	running	us-west-2a
rnaseq-recompute	toil-worker	7	308	172.31.22.243	54.201.41.40	i-9876cf5f	2016-02-10T16:36:12.000Z	running	us-west-2a
rnaseq-recompute	toil-worker	8	309	172.31.19.7	54.218.72.188	i-6274cda5	2016-02-10T16:36:12.000Z	running	us-west-2a
rnaseq-recompute	toil-worker	9	310	172.31.26.32	54.218.72.146	i-d577ce12	2016-02-10T16:36:12.000Z	running	us-west-2a
rnaseq-recompute	toil-worker	10	311	172.31.21.255	54.218.72.194	i-d174cd16	2016-02-10T16:36:11.000Z	running	us-west-2a
rnaseq-recompute	toil-worker	11	312	172.31.24.72	54.218.72.174	i-9376cf54	2016-02-10T16:36:12.000Z	running	us-west-2a
rnaseq-recompute	toil-worker	12	313	172.31.17.232	54.218.72.206	i-d477ce13	2016-02-10T16:36:12.000Z	running	us-west-2a
rnaseq-recompute	toil-worker	13	314	172.31.29.49	54.213.20.78	i-9d76cf5a	2016-02-10T16:36:12.000Z	running	us-west-2a
rnaseq-recompute	toil-worker	14	315	172.31.20.79	54.218.72.209	i-6374cda4	2016-02-10T16:36:12.000Z	running	us-west-2a
rnaseq-recompute	toil-worker	15	316	172.31.16.23	54.213.113.34	i-9e76cf59	2016-02-10T16:36:12.000Z	running	us-west-2a
rnaseq-recompute	toil-worker	16	317	172.31.21.113	54.200.101.112	i-d274cd15	2016-02-10T16:36:11.000Z	running	us-west-2a
rnaseq-recompute	toil-worker	17	318	172.31.27.209	54.218.72.220	i-9977ce5e	2016-02-10T16:36:12.000Z	running	us-west-2a
rnaseq-recompute	toil-worker	18	319	172.31.16.37	54.213.131.163	i-d277ce15	2016-02-10T16:36:12.000Z	running	us-west-2a
rnaseq-recompute	toil-worker	19	320	172.31.19.164	54.191.87.241	i-9976cf5e	2016-02-10T16:36:12.000Z	running	us-west-2a
rnaseq-recompute	toil-worker	20	321	172.31.24.218	54.200.183.105	i-d574cd12	2016-02-10T16:36:12.000Z	running	us-west-2a
rnaseq-recompute	toil-worker	21	322	172.31.29.198	54.218.72.215	i-9a77ce5d	2016-02-10T16:36:12.000Z	running	us-west-2a
rnaseq-recompute	toil-worker	22	323	172.31.22.213	54.201.199.219	i-6174cda6	2016-02-10T16:36:12.000Z	running	us-west-2a
rnaseq-recompute	toil-worker	23	324	172.31.31.194	54.218.72.222	i-d677ce11	2016-02-10T16:36:12.000Z	running	us-west-2a
rnaseq-recompute	toil-worker	24	325	172.31.21.184	54.191.170.71	i-9c76cf5b	2016-02-10T16:36:12.000Z	running	us-west-2a
rnaseq-recompute	toil-worker	25	326	172.31.31.160	54.218.72.226	i-cb77ce0c	2016-02-10T16:36:15.000Z	running	us-west-2a
rnaseq-recompute	toil-worker	26	327	172.31.26.12	54.201.127.111	i-d077ce17	2016-02-10T16:36:12.000Z	running	us-west-2a
rnaseq-recompute	toil-worker	27	328	172.31.30.73	54.200.23.5	i-c377ce04	2016-02-10T16:36:23.000Z	running	us-west-2a
rnaseq-recompute	toil-worker	28	329	172.31.20.187	54.218.72.244	i-c877ce0f	2016-02-10T16:36:22.000Z	running	us-west-2a
rnaseq-recompute	toil-worker	29	330	172.31.25.171	54.218.72.236	i-9276cf55	2016-02-10T16:36:23.000Z	running	us-west-2a
rnaseq-recompute	toil-worker	30	331	172.31.28.205	54.213.157.250	i-9577ce52	2016-02-10T16:36:23.000Z	running	us-west-2a
rnaseq-recompute	toil-worker	31	332	172.31.22.206	54.218.73.1	i-9877ce5f	2016-02-10T16:36:15.000Z	running	us-west-2a
rnaseq-recompute	toil-worker	32	333	172.31.30.47	54.218.73.14	i-c077ce07	2016-02-10T16:36:23.000Z	running	us-west-2a
rnaseq-recompute	toil-worker	33	334	172.31.19.124	54.218.73.20	i-fa74cd3d	2016-02-10T16:36:22.000Z	running	us-west-2a
rnaseq-recompute	toil-worker	34	335	172.31.28.216	54.218.72.224	i-f874cd3f	2016-02-10T16:36:23.000Z	running	us-west-2a
rnaseq-recompute	toil-worker	35	336	172.31.20.173	54.191.87.6	i-9177ce56	2016-02-10T16:36:23.000Z	running	us-west-2a
rnaseq-recompute	toil-worker	36	337	172.31.27.197	54.218.72.237	i-9777ce50	2016-02-10T16:36:23.000Z	running	us-west-2a
rnaseq-recompute	toil-worker	37	338	172.31.26.18	54.218.73.26	i-9e77ce59	2016-02-10T16:36:22.000Z	running	us-west-2a
rnaseq-recompute	toil-worker	38	339	172.31.17.8	54.218.73.12	i-9076cf57	2016-02-10T16:36:23.000Z	running	us-west-2a
rnaseq-recompute	toil-worker	39	340	172.31.25.221	54.200.231.9	i-1977cede	2016-02-10T16:36:23.000Z	running	us-west-2a
rnaseq-recompute	toil-worker	40	341	172.31.25.27	54.201.251.217	i-c476cf03	2016-02-10T16:36:22.000Z	running	us-west-2a
rnaseq-recompute	toil-worker	41	342	172.31.22.194	54.213.227.210	i-9277ce55	2016-02-10T16:36:23.000Z	running	us-west-2a
rnaseq-recompute	toil-worker	42	343	172.31.16.160	54.218.73.25	i-c677ce01	2016-02-10T16:36:23.000Z	running	us-west-2a
rnaseq-recompute	toil-worker	43	344	172.31.26.140	54.218.70.16	i-ff74cd38	2016-02-10T16:36:23.000Z	running	us-west-2a
rnaseq-recompute	toil-worker	44	345	172.31.25.48	54.213.16.78	i-9c77ce5b	2016-02-10T16:36:23.000Z	running	us-west-2a
rnaseq-recompute	toil-worker	45	346	172.31.16.57	54.218.72.239	i-cd77ce0a	2016-02-10T16:36:22.000Z	running	us-west-2a
rnaseq-recompute	toil-worker	46	347	172.31.28.180	54.218.72.92	i-c777ce00	2016-02-10T16:36:23.000Z	running	us-west-2a
rnaseq-recompute	toil-worker	47	348	172.31.23.240	54.218.72.43	i-9d77ce5a	2016-02-10T16:36:23.000Z	running	us-west-2a
rnaseq-recompute	toil-worker	48	349	172.31.22.119	54.218.72.242	i-fb74cd3c	2016-02-10T16:36:22.000Z	running	us-west-2a
rnaseq-recompute	toil-worker	49	350	172.31.22.200	54.218.73.40	i-9776cf50	2016-02-10T16:36:23.000Z	running	us-west-2a
rnaseq-recompute	toil-worker	50	351	172.31.31.162	54.218.60.217	i-f974cd3e	2016-02-10T16:36:23.000Z	running	us-west-2a
rnaseq-recompute	toil-worker	51	352	172.31.23.178	54.218.73.42	i-9077ce57	2016-02-10T16:36:23.000Z	running	us-west-2a
rnaseq-recompute	toil-worker	52	353	172.31.18.8	54.200.203.140	i-cf77ce08	2016-02-10T16:36:22.000Z	running	us-west-2a
rnaseq-recompute	toil-worker	53	354	172.31.26.251	54.218.48.140	i-c177ce06	2016-02-10T16:36:23.000Z	running	us-west-2a
rnaseq-recompute	toil-worker	54	355	172.31.31.126	54.218.72.227	i-9176cf56	2016-02-10T16:36:23.000Z	running	us-west-2a
rnaseq-recompute	toil-worker	55	356	172.31.24.221	54.218.73.7	i-1877cedf	2016-02-10T16:36:23.000Z	running	us-west-2a
rnaseq-recompute	toil-worker	56	357	172.31.23.11	54.218.73.22	i-c577ce02	2016-02-10T16:36:23.000Z	running	us-west-2a
rnaseq-recompute	toil-worker	57	358	172.31.19.163	54.218.72.253	i-c277ce05	2016-02-10T16:36:23.000Z	running	us-west-2a
rnaseq-recompute	toil-worker	58	359	172.31.18.0	54.218.71.95	i-1b77cedc	2016-02-10T16:36:22.000Z	running	us-west-2a
rnaseq-recompute	toil-worker	59	360	172.31.25.83	54.218.71.45	i-1f77ced8	2016-02-10T16:36:23.000Z	running	us-west-2a
rnaseq-recompute	toil-worker	60	361	172.31.21.3	54.218.73.4	i-cc77ce0b	2016-02-10T16:36:23.000Z	running	us-west-2a
rnaseq-recompute	toil-worker	61	362	172.31.23.157	54.218.72.210	i-8b77ce4c	2016-02-10T16:36:23.000Z	running	us-west-2a
rnaseq-recompute	toil-worker	62	363	172.31.21.13	54.218.71.137	i-ce77ce09	2016-02-10T16:36:22.000Z	running	us-west-2a
rnaseq-recompute	toil-worker	63	364	172.31.18.189	54.191.145.254	i-9377ce54	2016-02-10T16:36:23.000Z	running	us-west-2a
rnaseq-recompute	toil-worker	64	365	172.31.18.24	54.191.87.196	i-1a77cedd	2016-02-10T16:36:23.000Z	running	us-west-2a
rnaseq-recompute	toil-worker	65	366	172.31.31.210	54.218.73.75	i-f674cd31	2016-02-10T16:36:34.000Z	running	us-west-2a
rnaseq-recompute	toil-worker	66	367	172.31.16.89	54.200.188.65	i-1277ced5	2016-02-10T16:36:34.000Z	running	us-west-2a
rnaseq-recompute	toil-worker	67	368	172.31.26.182	54.218.73.28	i-fd74cd3a	2016-02-10T16:36:27.000Z	running	us-west-2a
rnaseq-recompute	toil-worker	68	369	172.31.28.158	54.213.89.59	i-ff77ce38	2016-02-10T16:36:34.000Z	running	us-west-2a
rnaseq-recompute	toil-worker	69	370	172.31.31.153	54.218.73.39	i-8277ce45	2016-02-10T16:36:35.000Z	running	us-west-2a
rnaseq-recompute	toil-worker	70	371	172.31.21.61	54.213.215.211	i-8d77ce4a	2016-02-10T16:36:34.000Z	running	us-west-2a
rnaseq-recompute	toil-worker	71	372	172.31.27.63	54.218.72.148	i-f474cd33	2016-02-10T16:36:34.000Z	running	us-west-2a
rnaseq-recompute	toil-worker	72	373	172.31.27.14	54.200.226.138	i-fc74cd3b	2016-02-10T16:36:33.000Z	running	us-west-2a
rnaseq-recompute	toil-worker	73	374	172.31.21.138	54.218.73.99	i-8b76cf4c	2016-02-10T16:36:35.000Z	running	us-west-2a
rnaseq-recompute	toil-worker	74	375	172.31.21.208	54.191.91.140	i-1c77cedb	2016-02-10T16:36:33.000Z	running	us-west-2a
rnaseq-recompute	toil-worker	75	376	172.31.16.136	54.218.73.45	i-9476cf53	2016-02-10T16:36:34.000Z	running	us-west-2a
rnaseq-recompute	toil-worker	76	377	172.31.23.120	54.218.73.8	i-1777ced0	2016-02-10T16:36:34.000Z	running	us-west-2a
rnaseq-recompute	toil-worker	77	378	172.31.26.168	54.213.159.14	i-eb74cd2c	2016-02-10T16:36:34.000Z	running	us-west-2a
rnaseq-recompute	toil-worker	78	379	172.31.17.130	54.218.73.16	i-1577ced2	2016-02-10T16:36:34.000Z	running	us-west-2a
rnaseq-recompute	toil-worker	79	380	172.31.28.157	54.218.72.157	i-f174cd36	2016-02-10T16:36:34.000Z	running	us-west-2a
rnaseq-recompute	toil-worker	80	381	172.31.18.74	54.218.73.56	i-f074cd37	2016-02-10T16:36:34.000Z	running	us-west-2a
rnaseq-recompute	toil-worker	81	382	172.31.25.8	54.218.73.23	i-1677ced1	2016-02-10T16:36:34.000Z	running	us-west-2a
rnaseq-recompute	toil-worker	82	383	172.31.26.118	54.218.73.91	i-f574cd32	2016-02-10T16:36:34.000Z	running	us-west-2a
rnaseq-recompute	toil-worker	83	384	172.31.21.5	54.218.73.70	i-f374cd34	2016-02-10T16:36:33.000Z	running	us-west-2a
rnaseq-recompute	toil-worker	84	385	172.31.28.9	54.218.73.24	i-1177ced6	2016-02-10T16:36:34.000Z	running	us-west-2a
rnaseq-recompute	toil-worker	85	386	172.31.18.220	54.218.73.38	i-fe77ce39	2016-02-10T16:36:34.000Z	running	us-west-2a
rnaseq-recompute	toil-worker	86	387	172.31.21.112	54.191.87.244	i-c477ce03	2016-02-10T16:36:33.000Z	running	us-west-2a
rnaseq-recompute	toil-worker	87	388	172.31.23.226	54.218.73.46	i-9676cf51	2016-02-10T16:36:33.000Z	running	us-west-2a
rnaseq-recompute	toil-worker	88	389	172.31.21.152	54.218.73.19	i-1377ced4	2016-02-10T16:36:34.000Z	running	us-west-2a
rnaseq-recompute	toil-worker	89	390	172.31.20.9	54.218.73.48	i-1d77ceda	2016-02-10T16:36:33.000Z	running	us-west-2a
rnaseq-recompute	toil-worker	90	391	172.31.28.193	54.218.73.31	i-1477ced3	2016-02-10T16:36:34.000Z	running	us-west-2a
rnaseq-recompute	toil-worker	91	392	172.31.19.137	54.218.72.219	i-f274cd35	2016-02-10T16:36:34.000Z	running	us-west-2a
rnaseq-recompute	toil-worker	92	393	172.31.18.223	54.218.73.53	i-8e77ce49	2016-02-10T16:36:34.000Z	running	us-west-2a
rnaseq-recompute	toil-worker	93	394	172.31.28.240	54.218.72.214	i-1077ced7	2016-02-10T16:36:34.000Z	running	us-west-2a
rnaseq-recompute	toil-worker	94	395	172.31.30.217	54.218.73.60	i-f774cd30	2016-02-10T16:36:34.000Z	running	us-west-2a
rnaseq-recompute	toil-worker	95	396	172.31.22.254	54.218.73.114	i-8177ce46	2016-02-10T16:36:45.000Z	running	us-west-2a
rnaseq-recompute	toil-worker	96	397	172.31.28.66	54.201.39.194	i-8e76cf49	2016-02-10T16:36:45.000Z	running	us-west-2a
rnaseq-recompute	toil-worker	97	398	172.31.22.34	54.218.73.35	i-ec74cd2b	2016-02-10T16:36:45.000Z	running	us-west-2a
rnaseq-recompute	toil-worker	98	399	172.31.26.88	54.218.73.106	i-0e77cec9	2016-02-10T16:36:45.000Z	running	us-west-2a
rnaseq-recompute	toil-worker	99	400	172.31.20.249	54.191.139.193	i-8876cf4f	2016-02-10T16:36:45.000Z	running	us-west-2a
cluster_name	role_name	ordinal	cluster_ordinal	private_ip_address	ip_address	instance_id	launch_time	state	zone
rnaseq-recompute	toil-worker	0	401	172.31.41.217	54.213.22.138	i-d83ef800	2016-02-10T16:40:55.000Z	running	us-west-2b
rnaseq-recompute	toil-worker	1	402	172.31.47.162	54.200.68.196	i-bd3ef865	2016-02-10T16:40:55.000Z	running	us-west-2b
rnaseq-recompute	toil-worker	2	403	172.31.35.38	54.191.149.136	i-b33ef86b	2016-02-10T16:40:55.000Z	running	us-west-2b
rnaseq-recompute	toil-worker	3	404	172.31.35.75	54.213.63.209	i-d93ef801	2016-02-10T16:40:55.000Z	running	us-west-2b
rnaseq-recompute	toil-worker	4	405	172.31.34.11	54.191.146.249	i-5a31f782	2016-02-10T16:40:55.000Z	running	us-west-2b
rnaseq-recompute	toil-worker	5	406	172.31.47.182	54.200.122.53	i-de3ef806	2016-02-10T16:40:55.000Z	running	us-west-2b
rnaseq-recompute	toil-worker	6	407	172.31.47.130	54.213.4.62	i-bc3ef864	2016-02-10T16:40:55.000Z	running	us-west-2b
rnaseq-recompute	toil-worker	7	408	172.31.32.201	54.191.124.73	i-b23ef86a	2016-02-10T16:40:55.000Z	running	us-west-2b
rnaseq-recompute	toil-worker	8	409	172.31.44.124	54.201.92.35	i-df3ef807	2016-02-10T16:40:55.000Z	running	us-west-2b
rnaseq-recompute	toil-worker	9	410	172.31.45.232	54.201.228.153	i-5b31f783	2016-02-10T16:40:55.000Z	running	us-west-2b
rnaseq-recompute	toil-worker	10	411	172.31.38.133	54.213.53.9	i-d13ef809	2016-02-10T16:40:56.000Z	running	us-west-2b
rnaseq-recompute	toil-worker	11	412	172.31.33.224	54.200.66.21	i-753ef8ad	2016-02-10T16:40:55.000Z	running	us-west-2b
rnaseq-recompute	toil-worker	12	413	172.31.46.178	54.191.154.207	i-ab3ef873	2016-02-10T16:40:56.000Z	running	us-west-2b
rnaseq-recompute	toil-worker	13	414	172.31.38.65	54.200.110.42	i-5f31f787	2016-02-10T16:40:55.000Z	running	us-west-2b
rnaseq-recompute	toil-worker	14	415	172.31.47.175	54.201.237.119	i-b13ef869	2016-02-10T16:40:55.000Z	running	us-west-2b
rnaseq-recompute	toil-worker	15	416	172.31.47.85	54.191.152.205	i-6f3ef8b7	2016-02-10T16:40:58.000Z	running	us-west-2b
rnaseq-recompute	toil-worker	16	417	172.31.42.241	54.213.145.17	i-d73ef80f	2016-02-10T16:40:57.000Z	running	us-west-2b
rnaseq-recompute	toil-worker	17	418	172.31.39.147	54.213.14.25	i-a93ef871	2016-02-10T16:40:57.000Z	running	us-west-2b
rnaseq-recompute	toil-worker	18	419	172.31.39.106	54.213.50.112	i-5c31f784	2016-02-10T16:40:57.000Z	running	us-west-2b
rnaseq-recompute	toil-worker	19	420	172.31.38.46	54.191.101.185	i-5931f781	2016-02-10T16:40:55.000Z	running	us-west-2b
rnaseq-recompute	toil-worker	20	421	172.31.42.157	54.191.133.194	i-aa3ef872	2016-02-10T16:40:57.000Z	running	us-west-2b
rnaseq-recompute	toil-worker	21	422	172.31.42.177	54.191.132.21	i-d33ef80b	2016-02-10T16:40:56.000Z	running	us-west-2b
rnaseq-recompute	toil-worker	22	423	172.31.39.210	54.213.111.28	i-693ef8b1	2016-02-10T16:40:57.000Z	running	us-west-2b
rnaseq-recompute	toil-worker	23	424	172.31.45.182	54.191.123.110	i-dd3ef805	2016-02-10T16:40:55.000Z	running	us-west-2b
rnaseq-recompute	toil-worker	24	425	172.31.43.246	54.191.142.51	i-d03ef808	2016-02-10T16:40:56.000Z	running	us-west-2b
rnaseq-recompute	toil-worker	25	426	172.31.35.177	54.200.125.243	i-5e31f786	2016-02-10T16:40:56.000Z	running	us-west-2b
rnaseq-recompute	toil-worker	26	427	172.31.37.192	54.191.152.99	i-b53ef86d	2016-02-10T16:40:56.000Z	running	us-west-2b
rnaseq-recompute	toil-worker	27	428	172.31.41.105	54.201.48.138	i-6b3ef8b3	2016-02-10T16:40:56.000Z	running	us-west-2b
rnaseq-recompute	toil-worker	28	429	172.31.43.242	54.201.135.172	i-b03ef868	2016-02-10T16:40:55.000Z	running	us-west-2b
rnaseq-recompute	toil-worker	29	430	172.31.33.175	54.213.214.143	i-b43ef86c	2016-02-10T16:40:56.000Z	running	us-west-2b
rnaseq-recompute	toil-worker	30	431	172.31.42.125	54.201.195.5	i-5831f780	2016-02-10T16:40:55.000Z	running	us-west-2b
rnaseq-recompute	toil-worker	31	432	172.31.46.106	54.213.22.248	i-683ef8b0	2016-02-10T16:40:57.000Z	running	us-west-2b
rnaseq-recompute	toil-worker	32	433	172.31.35.243	54.201.87.76	i-d23ef80a	2016-02-10T16:40:56.000Z	running	us-west-2b
rnaseq-recompute	toil-worker	33	434	172.31.43.234	54.201.249.179	i-5d31f785	2016-02-10T16:40:56.000Z	running	us-west-2b
rnaseq-recompute	toil-worker	34	435	172.31.36.125	54.201.248.181	i-dc3ef804	2016-02-10T16:40:55.000Z	running	us-west-2b
rnaseq-recompute	toil-worker	35	436	172.31.46.148	54.191.129.225	i-b63ef86e	2016-02-10T16:40:56.000Z	running	us-west-2b
rnaseq-recompute	toil-worker	36	437	172.31.32.89	54.191.173.1	i-6a3ef8b2	2016-02-10T16:40:57.000Z	running	us-west-2b
rnaseq-recompute	toil-worker	37	438	172.31.41.101	54.201.181.147	i-743ef8ac	2016-02-10T16:40:56.000Z	running	us-west-2b
rnaseq-recompute	toil-worker	38	439	172.31.35.240	54.213.213.79	i-b73ef86f	2016-02-10T16:40:56.000Z	running	us-west-2b
rnaseq-recompute	toil-worker	39	440	172.31.33.44	54.213.215.26	i-ae3ef876	2016-02-10T16:41:06.000Z	running	us-west-2b
rnaseq-recompute	toil-worker	40	441	172.31.36.108	54.213.214.146	i-4d31f795	2016-02-10T16:41:06.000Z	running	us-west-2b
rnaseq-recompute	toil-worker	41	442	172.31.34.14	54.213.244.126	i-d43ef80c	2016-02-10T16:41:06.000Z	running	us-west-2b
rnaseq-recompute	toil-worker	42	443	172.31.45.245	54.213.52.118	i-c83ef810	2016-02-10T16:41:07.000Z	running	us-west-2b
rnaseq-recompute	toil-worker	43	444	172.31.36.88	54.213.93.54	i-4731f79f	2016-02-10T16:41:08.000Z	running	us-west-2b
rnaseq-recompute	toil-worker	44	445	172.31.32.218	54.191.162.132	i-4131f799	2016-02-10T16:41:07.000Z	running	us-west-2b
rnaseq-recompute	toil-worker	45	446	172.31.33.42	54.218.6.23	i-ce3ef816	2016-02-10T16:41:07.000Z	running	us-west-2b
rnaseq-recompute	toil-worker	46	447	172.31.38.219	54.200.176.207	i-673ef8bf	2016-02-10T16:41:07.000Z	running	us-west-2b
rnaseq-recompute	toil-worker	47	448	172.31.37.87	54.213.203.34	i-a33ef87b	2016-02-10T16:41:07.000Z	running	us-west-2b
rnaseq-recompute	toil-worker	48	449	172.31.45.175	54.201.98.203	i-663ef8be	2016-02-10T16:41:07.000Z	running	us-west-2b
rnaseq-recompute	toil-worker	49	450	172.31.41.157	54.200.175.115	i-4f31f797	2016-02-10T16:41:06.000Z	running	us-west-2b
rnaseq-recompute	toil-worker	50	451	172.31.44.28	54.191.211.237	i-ac3ef874	2016-02-10T16:41:07.000Z	running	us-west-2b
rnaseq-recompute	toil-worker	51	452	172.31.39.33	54.218.12.28	i-af3ef877	2016-02-10T16:41:06.000Z	running	us-west-2b
rnaseq-recompute	toil-worker	52	453	172.31.44.69	54.213.62.147	i-4c31f794	2016-02-10T16:41:06.000Z	running	us-west-2b
rnaseq-recompute	toil-worker	53	454	172.31.40.248	54.213.217.192	i-613ef8b9	2016-02-10T16:41:07.000Z	running	us-west-2b
rnaseq-recompute	toil-worker	54	455	172.31.35.70	54.213.13.158	i-4431f79c	2016-02-10T16:41:14.000Z	running	us-west-2b
rnaseq-recompute	toil-worker	55	456	172.31.47.170	54.213.136.249	i-c33ef81b	2016-02-10T16:41:08.000Z	running	us-west-2b
rnaseq-recompute	toil-worker	56	457	172.31.32.188	54.218.12.66	i-a13ef879	2016-02-10T16:41:08.000Z	running	us-west-2b
rnaseq-recompute	toil-worker	57	458	172.31.46.205	54.218.11.102	i-cb3ef813	2016-02-10T16:41:06.000Z	running	us-west-2b
rnaseq-recompute	toil-worker	58	459	172.31.47.18	54.213.217.196	i-4231f79a	2016-02-10T16:41:07.000Z	running	us-west-2b
rnaseq-recompute	toil-worker	59	460	172.31.33.227	54.201.96.236	i-ad3ef875	2016-02-10T16:41:07.000Z	running	us-west-2b
rnaseq-recompute	toil-worker	60	461	172.31.35.188	54.218.12.85	i-cd3ef815	2016-02-10T16:41:07.000Z	running	us-west-2b
rnaseq-recompute	toil-worker	61	462	172.31.46.229	54.218.11.33	i-603ef8b8	2016-02-10T16:41:07.000Z	running	us-west-2b
rnaseq-recompute	toil-worker	62	463	172.31.44.109	54.191.135.53	i-4631f79e	2016-02-10T16:41:08.000Z	running	us-west-2b
rnaseq-recompute	toil-worker	63	464	172.31.32.138	54.213.13.4	i-6c3ef8b4	2016-02-10T16:41:06.000Z	running	us-west-2b
rnaseq-recompute	toil-worker	64	465	172.31.46.192	54.200.75.54	i-4831f790	2016-02-10T16:41:06.000Z	running	us-west-2b
rnaseq-recompute	toil-worker	65	466	172.31.43.92	54.218.11.85	i-4e31f796	2016-02-10T16:41:06.000Z	running	us-west-2b
rnaseq-recompute	toil-worker	66	467	172.31.34.36	54.191.207.62	i-cf3ef817	2016-02-10T16:41:07.000Z	running	us-west-2b
rnaseq-recompute	toil-worker	67	468	172.31.39.193	54.200.181.49	i-a83ef870	2016-02-10T16:41:06.000Z	running	us-west-2b
rnaseq-recompute	toil-worker	68	469	172.31.34.244	54.191.174.130	i-4031f798	2016-02-10T16:41:08.000Z	running	us-west-2b
rnaseq-recompute	toil-worker	69	470	172.31.32.41	54.218.12.43	i-ca3ef812	2016-02-10T16:41:06.000Z	running	us-west-2b
rnaseq-recompute	toil-worker	70	471	172.31.37.113	54.201.62.243	i-4331f79b	2016-02-10T16:41:07.000Z	running	us-west-2b
rnaseq-recompute	toil-worker	71	472	172.31.34.81	54.213.205.200	i-cc3ef814	2016-02-10T16:41:08.000Z	running	us-west-2b
rnaseq-recompute	toil-worker	72	473	172.31.45.229	54.213.236.188	i-623ef8ba	2016-02-10T16:41:06.000Z	running	us-west-2b
rnaseq-recompute	toil-worker	73	474	172.31.47.69	54.218.12.78	i-4531f79d	2016-02-10T16:41:08.000Z	running	us-west-2b
rnaseq-recompute	toil-worker	74	475	172.31.38.93	54.191.190.253	i-633ef8bb	2016-02-10T16:41:06.000Z	running	us-west-2b
rnaseq-recompute	toil-worker	75	476	172.31.47.86	54.218.12.49	i-c03ef818	2016-02-10T16:41:17.000Z	running	us-west-2b
rnaseq-recompute	toil-worker	76	477	172.31.35.147	54.213.80.18	i-c43ef81c	2016-02-10T16:41:18.000Z	running	us-west-2b
rnaseq-recompute	toil-worker	77	478	172.31.45.118	54.218.12.86	i-3f3ef8e7	2016-02-10T16:41:18.000Z	running	us-west-2b
rnaseq-recompute	toil-worker	78	479	172.31.34.83	54.218.12.0	i-1931f7c1	2016-02-10T16:41:17.000Z	running	us-west-2b
rnaseq-recompute	toil-worker	79	480	172.31.44.55	54.213.219.157	i-9a3ef842	2016-02-10T16:41:17.000Z	running	us-west-2b
rnaseq-recompute	toil-worker	80	481	172.31.44.61	54.200.10.197	i-383ef8e0	2016-02-10T16:41:18.000Z	running	us-west-2b
rnaseq-recompute	toil-worker	81	482	172.31.38.82	54.191.249.43	i-993ef841	2016-02-10T16:41:17.000Z	running	us-west-2b
rnaseq-recompute	toil-worker	82	483	172.31.36.77	54.213.218.204	i-3e3ef8e6	2016-02-10T16:41:18.000Z	running	us-west-2b
rnaseq-recompute	toil-worker	83	484	172.31.45.155	54.200.17.224	i-1831f7c0	2016-02-10T16:41:17.000Z	running	us-west-2b
rnaseq-recompute	toil-worker	84	485	172.31.42.201	54.218.12.87	i-c63ef81e	2016-02-10T16:41:18.000Z	running	us-west-2b
rnaseq-recompute	toil-worker	85	486	172.31.34.194	54.200.85.54	i-9f3ef847	2016-02-10T16:41:18.000Z	running	us-west-2b
rnaseq-recompute	toil-worker	86	487	172.31.35.216	54.218.12.32	i-c53ef81d	2016-02-10T16:41:18.000Z	running	us-west-2b
rnaseq-recompute	toil-worker	87	488	172.31.45.99	54.218.21.50	i-3b31f7e3	2016-02-10T16:41:19.000Z	running	us-west-2b
rnaseq-recompute	toil-worker	88	489	172.31.38.68	54.191.188.146	i-9e3ef846	2016-02-10T16:41:18.000Z	running	us-west-2b
rnaseq-recompute	toil-worker	89	490	172.31.32.95	54.218.12.64	i-3d3ef8e5	2016-02-10T16:41:18.000Z	running	us-west-2b
rnaseq-recompute	toil-worker	90	491	172.31.35.27	54.201.245.103	i-9b3ef843	2016-02-10T16:41:17.000Z	running	us-west-2b
rnaseq-recompute	toil-worker	91	492	172.31.43.79	54.201.230.138	i-1f31f7c7	2016-02-10T16:41:17.000Z	running	us-west-2b
rnaseq-recompute	toil-worker	92	493	172.31.46.176	54.218.11.243	i-3a3ef8e2	2016-02-10T16:41:17.000Z	running	us-west-2b
rnaseq-recompute	toil-worker	93	494	172.31.46.241	54.200.73.111	i-9d3ef845	2016-02-10T16:41:18.000Z	running	us-west-2b
rnaseq-recompute	toil-worker	94	495	172.31.39.102	54.213.174.236	i-c73ef81f	2016-02-10T16:41:17.000Z	running	us-west-2b
rnaseq-recompute	toil-worker	95	496	172.31.32.152	54.191.189.3	i-983ef840	2016-02-10T16:41:19.000Z	running	us-west-2b
rnaseq-recompute	toil-worker	96	497	172.31.41.178	54.191.154.234	i-333ef8eb	2016-02-10T16:41:19.000Z	running	us-west-2b
rnaseq-recompute	toil-worker	97	498	172.31.38.187	54.213.217.224	i-9c3ef844	2016-02-10T16:41:18.000Z	running	us-west-2b
rnaseq-recompute	toil-worker	98	499	172.31.41.61	54.218.12.88	i-933ef84b	2016-02-10T16:41:19.000Z	running	us-west-2b
rnaseq-recompute	toil-worker	99	500	172.31.44.167	54.218.12.55	i-3f31f7e7	2016-02-10T16:41:28.000Z	running	us-west-2b
cluster_name	role_name	ordinal	cluster_ordinal	private_ip_address	ip_address	instance_id	launch_time	state	zone
rnaseq-recompute	toil-worker	0	501	172.31.42.61	54.200.218.91	i-c238fe1a	2016-02-10T16:54:35.000Z	running	us-west-2b
rnaseq-recompute	toil-worker	1	502	172.31.43.161	54.218.21.152	i-1e3bfdc6	2016-02-10T16:54:35.000Z	running	us-west-2b
rnaseq-recompute	toil-worker	2	503	172.31.39.115	54.218.21.119	i-c538fe1d	2016-02-10T16:54:35.000Z	running	us-west-2b
rnaseq-recompute	toil-worker	3	504	172.31.42.127	54.218.21.138	i-b138fe69	2016-02-10T16:54:35.000Z	running	us-west-2b
rnaseq-recompute	toil-worker	4	505	172.31.37.122	54.218.21.198	i-7c38fea4	2016-02-10T16:54:35.000Z	running	us-west-2b
rnaseq-recompute	toil-worker	5	506	172.31.45.194	54.201.43.57	i-7e38fea6	2016-02-10T16:54:35.000Z	running	us-west-2b
rnaseq-recompute	toil-worker	6	507	172.31.45.130	54.191.172.224	i-103bfdc8	2016-02-10T16:54:35.000Z	running	us-west-2b
rnaseq-recompute	toil-worker	7	508	172.31.38.52	54.218.11.226	i-c738fe1f	2016-02-10T16:54:35.000Z	running	us-west-2b
rnaseq-recompute	toil-worker	8	509	172.31.40.25	54.191.246.57	i-b338fe6b	2016-02-10T16:54:35.000Z	running	us-west-2b
rnaseq-recompute	toil-worker	9	510	172.31.35.58	54.191.246.122	i-cc38fe14	2016-02-10T16:54:35.000Z	running	us-west-2b
rnaseq-recompute	toil-worker	10	511	172.31.39.199	54.191.191.4	i-cf38fe17	2016-02-10T16:54:35.000Z	running	us-west-2b
rnaseq-recompute	toil-worker	11	512	172.31.46.225	54.200.5.147	i-133bfdcb	2016-02-10T16:54:35.000Z	running	us-west-2b
rnaseq-recompute	toil-worker	12	513	172.31.41.194	54.213.201.55	i-b638fe6e	2016-02-10T16:54:35.000Z	running	us-west-2b
rnaseq-recompute	toil-worker	13	514	172.31.40.6	54.218.10.242	i-7938fea1	2016-02-10T16:54:35.000Z	running	us-west-2b
rnaseq-recompute	toil-worker	14	515	172.31.46.41	54.191.102.98	i-1d3bfdc5	2016-02-10T16:54:35.000Z	running	us-west-2b
rnaseq-recompute	toil-worker	15	516	172.31.33.144	54.218.21.219	i-c138fe19	2016-02-10T16:54:35.000Z	running	us-west-2b
rnaseq-recompute	toil-worker	16	517	172.31.35.153	54.218.11.140	i-bd38fe65	2016-02-10T16:54:34.000Z	running	us-west-2b
rnaseq-recompute	toil-worker	17	518	172.31.45.254	54.191.99.33	i-7338feab	2016-02-10T16:54:35.000Z	running	us-west-2b
rnaseq-recompute	toil-worker	18	519	172.31.41.36	54.218.21.131	i-b538fe6d	2016-02-10T16:54:36.000Z	running	us-west-2b
rnaseq-recompute	toil-worker	19	520	172.31.43.41	54.191.123.234	i-b038fe68	2016-02-10T16:54:35.000Z	running	us-west-2b
rnaseq-recompute	toil-worker	20	521	172.31.43.175	54.213.124.249	i-c338fe1b	2016-02-10T16:54:35.000Z	running	us-west-2b
rnaseq-recompute	toil-worker	21	522	172.31.36.107	54.218.12.37	i-c638fe1e	2016-02-10T16:54:35.000Z	running	us-west-2b
rnaseq-recompute	toil-worker	22	523	172.31.33.64	54.213.244.104	i-7d38fea5	2016-02-10T16:54:35.000Z	running	us-west-2b
rnaseq-recompute	toil-worker	23	524	172.31.33.218	54.213.219.63	i-7f38fea7	2016-02-10T16:54:35.000Z	running	us-west-2b
rnaseq-recompute	toil-worker	24	525	172.31.42.68	54.191.133.42	i-ce38fe16	2016-02-10T16:54:35.000Z	running	us-west-2b
rnaseq-recompute	toil-worker	25	526	172.31.42.108	54.213.159.190	i-b238fe6a	2016-02-10T16:54:35.000Z	running	us-west-2b
rnaseq-recompute	toil-worker	26	527	172.31.37.79	54.201.45.174	i-cd38fe15	2016-02-10T16:54:35.000Z	running	us-west-2b
rnaseq-recompute	toil-worker	27	528	172.31.44.193	54.213.150.251	i-7838fea0	2016-02-10T16:54:35.000Z	running	us-west-2b
rnaseq-recompute	toil-worker	28	529	172.31.44.83	54.201.184.244	i-113bfdc9	2016-02-10T16:54:35.000Z	running	us-west-2b
rnaseq-recompute	toil-worker	29	530	172.31.43.243	54.213.63.149	i-1c3bfdc4	2016-02-10T16:54:35.000Z	running	us-west-2b
rnaseq-recompute	toil-worker	30	531	172.31.32.248	54.218.11.74	i-c038fe18	2016-02-10T16:54:35.000Z	running	us-west-2b
rnaseq-recompute	toil-worker	31	532	172.31.39.5	54.201.97.132	i-1f3bfdc7	2016-02-10T16:54:35.000Z	running	us-west-2b
rnaseq-recompute	toil-worker	32	533	172.31.40.111	54.218.12.95	i-bc38fe64	2016-02-10T16:54:35.000Z	running	us-west-2b
rnaseq-recompute	toil-worker	33	534	172.31.43.183	54.218.21.95	i-b738fe6f	2016-02-10T16:54:35.000Z	running	us-west-2b
rnaseq-recompute	toil-worker	34	535	172.31.40.154	54.191.136.54	i-7238feaa	2016-02-10T16:54:35.000Z	running	us-west-2b
rnaseq-recompute	toil-worker	35	536	172.31.47.199	54.213.244.190	i-7a38fea2	2016-02-10T16:54:35.000Z	running	us-west-2b
rnaseq-recompute	toil-worker	36	537	172.31.44.5	54.218.22.214	i-6c38feb4	2016-02-10T16:54:48.000Z	running	us-west-2b
rnaseq-recompute	toil-worker	37	538	172.31.38.53	54.218.22.248	i-6b38feb3	2016-02-10T16:54:46.000Z	running	us-west-2b
rnaseq-recompute	toil-worker	38	539	172.31.46.69	54.201.25.116	i-f139ff29	2016-02-10T16:54:46.000Z	running	us-west-2b
rnaseq-recompute	toil-worker	39	540	172.31.38.108	54.218.21.221	i-fe39ff26	2016-02-10T16:54:45.000Z	running	us-west-2b
rnaseq-recompute	toil-worker	40	541	172.31.33.251	54.218.12.30	i-3d3bfde5	2016-02-10T16:54:46.000Z	running	us-west-2b
rnaseq-recompute	toil-worker	41	542	172.31.42.173	54.218.12.68	i-f339ff2b	2016-02-10T16:54:46.000Z	running	us-west-2b
rnaseq-recompute	toil-worker	42	543	172.31.34.162	54.218.22.179	i-a238fe7a	2016-02-10T16:54:46.000Z	running	us-west-2b
rnaseq-recompute	toil-worker	43	544	172.31.44.223	54.218.22.159	i-6f38feb7	2016-02-10T16:54:46.000Z	running	us-west-2b
rnaseq-recompute	toil-worker	44	545	172.31.33.173	54.218.22.217	i-7538fead	2016-02-10T16:54:45.000Z	running	us-west-2b
rnaseq-recompute	toil-worker	45	546	172.31.36.72	54.213.244.133	i-ae38fe76	2016-02-10T16:54:46.000Z	running	us-west-2b
rnaseq-recompute	toil-worker	46	547	172.31.40.230	54.218.21.211	i-a338fe7b	2016-02-10T16:54:46.000Z	running	us-west-2b
rnaseq-recompute	toil-worker	47	548	172.31.46.140	54.218.22.116	i-fd39ff25	2016-02-10T16:54:46.000Z	running	us-west-2b
rnaseq-recompute	toil-worker	48	549	172.31.32.92	54.201.89.150	i-f239ff2a	2016-02-10T16:54:46.000Z	running	us-west-2b
rnaseq-recompute	toil-worker	49	550	172.31.37.200	54.218.22.104	i-6a38feb2	2016-02-10T16:54:46.000Z	running	us-west-2b
rnaseq-recompute	toil-worker	50	551	172.31.36.5	54.218.22.126	i-ac38fe74	2016-02-10T16:54:46.000Z	running	us-west-2b
rnaseq-recompute	toil-worker	51	552	172.31.33.166	54.218.22.245	i-6d38feb5	2016-02-10T16:54:47.000Z	running	us-west-2b
rnaseq-recompute	toil-worker	52	553	172.31.47.128	54.218.22.108	i-383bfde0	2016-02-10T16:54:46.000Z	running	us-west-2b
rnaseq-recompute	toil-worker	53	554	172.31.33.170	54.218.22.2	i-6e38feb6	2016-02-10T16:54:46.000Z	running	us-west-2b
rnaseq-recompute	toil-worker	54	555	172.31.35.225	54.200.212.144	i-a138fe79	2016-02-10T16:54:46.000Z	running	us-west-2b
rnaseq-recompute	toil-worker	55	556	172.31.34.248	54.201.246.164	i-6838feb0	2016-02-10T16:54:46.000Z	running	us-west-2b
rnaseq-recompute	toil-worker	56	557	172.31.40.20	54.201.90.105	i-f039ff28	2016-02-10T16:54:46.000Z	running	us-west-2b
rnaseq-recompute	toil-worker	57	558	172.31.37.185	54.191.105.130	i-7438feac	2016-02-10T16:54:45.000Z	running	us-west-2b
rnaseq-recompute	toil-worker	58	559	172.31.36.18	54.213.237.87	i-a638fe7e	2016-02-10T16:54:50.000Z	running	us-west-2b
rnaseq-recompute	toil-worker	59	560	172.31.34.60	54.218.22.67	i-3e3bfde6	2016-02-10T16:54:46.000Z	running	us-west-2b
rnaseq-recompute	toil-worker	60	561	172.31.36.162	54.218.22.1	i-3f3bfde7	2016-02-10T16:54:46.000Z	running	us-west-2b
rnaseq-recompute	toil-worker	61	562	172.31.36.70	54.218.22.41	i-fc39ff24	2016-02-10T16:54:46.000Z	running	us-west-2b
rnaseq-recompute	toil-worker	62	563	172.31.36.235	54.191.118.105	i-6938feb1	2016-02-10T16:54:46.000Z	running	us-west-2b
rnaseq-recompute	toil-worker	63	564	172.31.33.45	54.201.149.42	i-ab38fe73	2016-02-10T16:54:40.000Z	running	us-west-2b
rnaseq-recompute	toil-worker	64	565	172.31.47.29	54.218.22.243	i-af38fe77	2016-02-10T16:54:45.000Z	running	us-west-2b
rnaseq-recompute	toil-worker	65	566	172.31.38.212	54.213.144.219	i-ad38fe75	2016-02-10T16:54:46.000Z	running	us-west-2b
rnaseq-recompute	toil-worker	66	567	172.31.41.6	54.218.22.172	i-393bfde1	2016-02-10T16:54:46.000Z	running	us-west-2b
rnaseq-recompute	toil-worker	67	568	172.31.44.209	54.218.22.53	i-2f3bfdf7	2016-02-10T16:54:57.000Z	running	us-west-2b
rnaseq-recompute	toil-worker	68	569	172.31.36.185	54.218.26.255	i-ee39ff36	2016-02-10T16:54:57.000Z	running	us-west-2b
rnaseq-recompute	toil-worker	69	570	172.31.35.246	54.201.136.169	i-9238fe4a	2016-02-10T16:54:57.000Z	running	us-west-2b
rnaseq-recompute	toil-worker	70	571	172.31.32.220	54.218.23.4	i-323bfdea	2016-02-10T16:54:51.000Z	running	us-west-2b
rnaseq-recompute	toil-worker	71	572	172.31.44.218	54.218.22.161	i-9938fe41	2016-02-10T16:54:56.000Z	running	us-west-2b
rnaseq-recompute	toil-worker	72	573	172.31.44.207	54.218.22.62	i-6138feb9	2016-02-10T16:54:56.000Z	running	us-west-2b
rnaseq-recompute	toil-worker	73	574	172.31.33.184	54.218.22.219	i-e839ff30	2016-02-10T16:54:57.000Z	running	us-west-2b
rnaseq-recompute	toil-worker	74	575	172.31.41.126	54.213.244.223	i-9838fe40	2016-02-10T16:54:57.000Z	running	us-west-2b
rnaseq-recompute	toil-worker	75	576	172.31.32.150	54.218.37.46	i-6438febc	2016-02-10T16:54:57.000Z	running	us-west-2b
rnaseq-recompute	toil-worker	76	577	172.31.39.89	54.201.28.149	i-343bfdec	2016-02-10T16:54:56.000Z	running	us-west-2b
rnaseq-recompute	toil-worker	77	578	172.31.39.114	54.218.37.5	i-9e38fe46	2016-02-10T16:54:57.000Z	running	us-west-2b
rnaseq-recompute	toil-worker	78	579	172.31.40.144	54.218.22.192	i-eb39ff33	2016-02-10T16:54:57.000Z	running	us-west-2b
rnaseq-recompute	toil-worker	79	580	172.31.39.90	54.218.23.56	i-6738febf	2016-02-10T16:54:57.000Z	running	us-west-2b
rnaseq-recompute	toil-worker	80	581	172.31.34.163	54.200.83.150	i-353bfded	2016-02-10T16:54:56.000Z	running	us-west-2b
rnaseq-recompute	toil-worker	81	582	172.31.42.72	54.218.37.0	i-9138fe49	2016-02-10T16:54:58.000Z	running	us-west-2b
rnaseq-recompute	toil-worker	82	583	172.31.47.45	54.201.96.84	i-9a38fe42	2016-02-10T16:54:56.000Z	running	us-west-2b
rnaseq-recompute	toil-worker	83	584	172.31.42.229	54.218.22.239	i-9d38fe45	2016-02-10T16:54:57.000Z	running	us-west-2b
rnaseq-recompute	toil-worker	84	585	172.31.42.116	54.218.23.65	i-6638febe	2016-02-10T16:54:57.000Z	running	us-west-2b
rnaseq-recompute	toil-worker	85	586	172.31.33.246	54.218.24.195	i-e939ff31	2016-02-10T16:54:57.000Z	running	us-west-2b
rnaseq-recompute	toil-worker	86	587	172.31.41.41	54.213.237.153	i-273bfdff	2016-02-10T16:55:02.000Z	running	us-west-2b
rnaseq-recompute	toil-worker	87	588	172.31.37.77	54.218.22.240	i-ef39ff37	2016-02-10T16:54:57.000Z	running	us-west-2b
rnaseq-recompute	toil-worker	88	589	172.31.32.236	54.218.37.18	i-2c3bfdf4	2016-02-10T16:54:57.000Z	running	us-west-2b
rnaseq-recompute	toil-worker	89	590	172.31.40.83	54.218.21.227	i-ea39ff32	2016-02-10T16:54:57.000Z	running	us-west-2b
rnaseq-recompute	toil-worker	90	591	172.31.44.241	54.218.36.251	i-2d3bfdf5	2016-02-10T16:54:57.000Z	running	us-west-2b
rnaseq-recompute	toil-worker	91	592	172.31.43.47	54.218.32.146	i-9f38fe47	2016-02-10T16:54:57.000Z	running	us-west-2b
rnaseq-recompute	toil-worker	92	593	172.31.46.235	54.218.23.7	i-9338fe4b	2016-02-10T16:54:57.000Z	running	us-west-2b
rnaseq-recompute	toil-worker	93	594	172.31.36.114	54.218.27.117	i-6038feb8	2016-02-10T16:54:57.000Z	running	us-west-2b
rnaseq-recompute	toil-worker	94	595	172.31.46.102	54.218.22.211	i-f439ff2c	2016-02-10T16:54:56.000Z	running	us-west-2b
rnaseq-recompute	toil-worker	95	596	172.31.33.18	54.213.236.152	i-6538febd	2016-02-10T16:54:57.000Z	running	us-west-2b
rnaseq-recompute	toil-worker	96	597	172.31.46.134	54.218.22.181	i-9c38fe44	2016-02-10T16:54:57.000Z	running	us-west-2b
rnaseq-recompute	toil-worker	97	598	172.31.44.50	54.218.23.31	i-8938fe51	2016-02-10T16:55:08.000Z	running	us-west-2b
rnaseq-recompute	toil-worker	98	599	172.31.39.144	54.218.21.150	i-e139ff39	2016-02-10T16:55:07.000Z	running	us-west-2b
rnaseq-recompute	toil-worker	99	600	172.31.41.170	54.218.11.173	i-4138fe99	2016-02-10T16:55:08.000Z	running	us-west-2b
cluster_name	role_name	ordinal	cluster_ordinal	private_ip_address	ip_address	instance_id	launch_time	state	zone
rnaseq-recompute	toil-worker	0	203	172.31.34.240	54.201.89.250	i-9564a24d	2016-02-10T17:58:50.000Z	running	us-west-2b
rnaseq-recompute	toil-worker	1	601	172.31.44.57	54.213.4.164	i-a564a27d	2016-02-10T17:58:49.000Z	running	us-west-2b
rnaseq-recompute	toil-worker	2	602	172.31.36.43	54.200.83.26	i-8866a050	2016-02-10T17:58:49.000Z	running	us-west-2b
rnaseq-recompute	toil-worker	3	603	172.31.44.156	54.200.176.83	i-8c66a054	2016-02-10T17:58:49.000Z	running	us-west-2b
rnaseq-recompute	toil-worker	4	604	172.31.41.58	54.200.0.127	i-2a599ff2	2016-02-10T17:58:50.000Z	running	us-west-2b
rnaseq-recompute	toil-worker	5	605	172.31.36.20	54.213.31.141	i-a464a27c	2016-02-10T17:58:49.000Z	running	us-west-2b
rnaseq-recompute	toil-worker	6	606	172.31.41.200	54.213.77.105	i-8666a05e	2016-02-10T17:58:50.000Z	running	us-west-2b
rnaseq-recompute	toil-worker	7	607	172.31.33.31	54.201.239.197	i-2b599ff3	2016-02-10T17:58:50.000Z	running	us-west-2b
rnaseq-recompute	toil-worker	8	608	172.31.43.23	54.191.162.113	i-8366a05b	2016-02-10T17:58:49.000Z	running	us-west-2b
rnaseq-recompute	toil-worker	9	609	172.31.41.83	54.201.150.65	i-9466a04c	2016-02-10T17:58:49.000Z	running	us-west-2b
rnaseq-recompute	toil-worker	10	610	172.31.38.31	54.213.79.22	i-8766a05f	2016-02-10T17:58:49.000Z	running	us-west-2b
rnaseq-recompute	toil-worker	11	611	172.31.43.110	54.213.70.113	i-fd67a125	2016-02-10T17:58:49.000Z	running	us-west-2b
rnaseq-recompute	toil-worker	12	612	172.31.46.60	54.213.24.156	i-9764a24f	2016-02-10T17:58:50.000Z	running	us-west-2b
rnaseq-recompute	toil-worker	13	613	172.31.44.197	54.213.14.47	i-8066a058	2016-02-10T17:58:49.000Z	running	us-west-2b
rnaseq-recompute	toil-worker	14	614	172.31.32.146	54.213.91.104	i-9566a04d	2016-02-10T17:58:49.000Z	running	us-west-2b
rnaseq-recompute	toil-worker	15	615	172.31.33.125	54.201.151.162	i-f867a120	2016-02-10T17:58:49.000Z	running	us-west-2b
rnaseq-recompute	toil-worker	16	616	172.31.44.202	54.201.249.166	i-36599fee	2016-02-10T17:58:50.000Z	running	us-west-2b
rnaseq-recompute	toil-worker	17	617	172.31.47.252	54.213.80.50	i-8566a05d	2016-02-10T17:58:50.000Z	running	us-west-2b
rnaseq-recompute	toil-worker	18	618	172.31.35.239	54.191.149.21	i-8966a051	2016-02-10T17:58:49.000Z	running	us-west-2b
rnaseq-recompute	toil-worker	19	619	172.31.47.154	54.191.125.105	i-fc67a124	2016-02-10T17:58:49.000Z	running	us-west-2b
rnaseq-recompute	toil-worker	20	620	172.31.40.24	54.213.62.106	i-9664a24e	2016-02-10T17:58:50.000Z	running	us-west-2b
rnaseq-recompute	toil-worker	21	621	172.31.32.77	54.213.44.114	i-8466a05c	2016-02-10T17:58:50.000Z	running	us-west-2b
rnaseq-recompute	toil-worker	22	622	172.31.46.197	54.213.51.147	i-7f66a0a7	2016-02-10T17:59:00.000Z	running	us-west-2b
rnaseq-recompute	toil-worker	23	623	172.31.40.95	54.213.143.136	i-8264a25a	2016-02-10T17:59:00.000Z	running	us-west-2b
rnaseq-recompute	toil-worker	24	624	172.31.42.13	54.213.149.225	i-7e66a0a6	2016-02-10T17:59:00.000Z	running	us-west-2b
rnaseq-recompute	toil-worker	25	625	172.31.47.5	54.213.96.30	i-e867a130	2016-02-10T17:59:00.000Z	running	us-west-2b
rnaseq-recompute	toil-worker	26	626	172.31.38.111	54.213.124.112	i-2f599ff7	2016-02-10T17:59:00.000Z	running	us-west-2b
rnaseq-recompute	toil-worker	27	627	172.31.37.44	54.213.127.247	i-ea67a132	2016-02-10T17:59:00.000Z	running	us-west-2b
rnaseq-recompute	toil-worker	28	628	172.31.44.252	54.213.122.108	i-8964a251	2016-02-10T17:58:52.000Z	running	us-west-2b
rnaseq-recompute	toil-worker	29	629	172.31.42.215	54.213.91.153	i-8364a25b	2016-02-10T17:59:00.000Z	running	us-west-2b
rnaseq-recompute	toil-worker	30	630	172.31.40.42	54.191.252.185	i-2d599ff5	2016-02-10T17:59:00.000Z	running	us-west-2b
rnaseq-recompute	toil-worker	31	631	172.31.34.155	54.213.94.172	i-8c64a254	2016-02-10T17:59:00.000Z	running	us-west-2b
rnaseq-recompute	toil-worker	32	632	172.31.35.191	54.191.132.82	i-8d64a255	2016-02-10T17:59:00.000Z	running	us-west-2b
rnaseq-recompute	toil-worker	33	633	172.31.43.121	54.213.110.82	i-ed67a135	2016-02-10T17:59:00.000Z	running	us-west-2b
rnaseq-recompute	toil-worker	34	634	172.31.32.129	54.213.53.130	i-28599ff0	2016-02-10T17:59:00.000Z	running	us-west-2b
rnaseq-recompute	toil-worker	35	635	172.31.37.49	54.213.93.68	i-ef67a137	2016-02-10T17:59:00.000Z	running	us-west-2b
rnaseq-recompute	toil-worker	36	636	172.31.34.38	54.191.213.174	i-2e599ff6	2016-02-10T17:59:00.000Z	running	us-west-2b
rnaseq-recompute	toil-worker	37	637	172.31.36.234	54.191.248.7	i-e967a131	2016-02-10T17:59:00.000Z	running	us-west-2b
rnaseq-recompute	toil-worker	38	638	172.31.39.98	54.213.21.210	i-ee67a136	2016-02-10T17:59:00.000Z	running	us-west-2b
rnaseq-recompute	toil-worker	39	639	172.31.46.240	54.191.102.90	i-7266a0aa	2016-02-10T17:59:01.000Z	running	us-west-2b
rnaseq-recompute	toil-worker	40	640	172.31.46.243	54.200.66.245	i-7366a0ab	2016-02-10T17:59:01.000Z	running	us-west-2b
rnaseq-recompute	toil-worker	41	641	172.31.32.35	54.213.161.28	i-e367a13b	2016-02-10T17:59:00.000Z	running	us-west-2b
rnaseq-recompute	toil-worker	42	642	172.31.39.41	54.213.110.189	i-8764a25f	2016-02-10T17:59:01.000Z	running	us-west-2b
rnaseq-recompute	toil-worker	43	643	172.31.40.129	54.213.136.25	i-23599ffb	2016-02-10T17:59:00.000Z	running	us-west-2b
rnaseq-recompute	toil-worker	44	644	172.31.46.11	54.213.108.80	i-7666a0ae	2016-02-10T17:59:01.000Z	running	us-west-2b
rnaseq-recompute	toil-worker	45	645	172.31.39.52	54.213.7.67	i-7166a0a9	2016-02-10T17:59:01.000Z	running	us-west-2b
rnaseq-recompute	toil-worker	46	646	172.31.39.64	54.213.145.137	i-8064a258	2016-02-10T17:59:01.000Z	running	us-west-2b
rnaseq-recompute	toil-worker	47	647	172.31.45.81	54.201.182.247	i-8164a259	2016-02-10T17:59:00.000Z	running	us-west-2b
rnaseq-recompute	toil-worker	48	648	172.31.34.119	54.213.92.156	i-22599ffa	2016-02-10T17:59:01.000Z	running	us-west-2b
rnaseq-recompute	toil-worker	49	649	172.31.46.155	54.191.112.173	i-ec67a134	2016-02-10T17:59:00.000Z	running	us-west-2b
rnaseq-recompute	toil-worker	50	650	172.31.36.65	54.213.144.173	i-21599ff9	2016-02-10T17:59:01.000Z	running	us-west-2b
rnaseq-recompute	toil-worker	51	651	172.31.46.219	54.213.109.98	i-7066a0a8	2016-02-10T17:59:01.000Z	running	us-west-2b
rnaseq-recompute	toil-worker	52	652	172.31.38.220	54.213.162.36	i-7566a0ad	2016-02-10T17:59:01.000Z	running	us-west-2b
rnaseq-recompute	toil-worker	53	653	172.31.47.15	54.213.149.236	i-e167a139	2016-02-10T17:59:01.000Z	running	us-west-2b
rnaseq-recompute	toil-worker	54	654	172.31.47.127	54.191.148.184	i-2c599ff4	2016-02-10T17:59:00.000Z	running	us-west-2b
rnaseq-recompute	toil-worker	55	655	172.31.44.140	54.213.150.232	i-e267a13a	2016-02-10T17:59:01.000Z	running	us-west-2b
rnaseq-recompute	toil-worker	56	656	172.31.42.4	54.213.135.98	i-7c66a0a4	2016-02-10T17:59:00.000Z	running	us-west-2b
rnaseq-recompute	toil-worker	57	657	172.31.46.231	54.213.110.112	i-7d66a0a5	2016-02-10T17:59:00.000Z	running	us-west-2b
rnaseq-recompute	toil-worker	58	658	172.31.32.185	54.213.5.210	i-7766a0af	2016-02-10T17:59:01.000Z	running	us-west-2b
rnaseq-recompute	toil-worker	59	659	172.31.44.97	54.213.79.52	i-e067a138	2016-02-10T17:59:01.000Z	running	us-west-2b
rnaseq-recompute	toil-worker	60	660	172.31.33.110	54.213.135.202	i-8664a25e	2016-02-10T17:59:01.000Z	running	us-west-2b
rnaseq-recompute	toil-worker	61	661	172.31.44.76	54.213.201.196	i-5a66a082	2016-02-10T17:59:12.000Z	running	us-west-2b
rnaseq-recompute	toil-worker	62	662	172.31.39.176	54.213.193.178	i-c767a11f	2016-02-10T17:59:11.000Z	running	us-west-2b
rnaseq-recompute	toil-worker	63	663	172.31.43.16	54.213.176.204	i-7867a1a0	2016-02-10T17:59:11.000Z	running	us-west-2b
rnaseq-recompute	toil-worker	64	664	172.31.44.47	54.213.96.225	i-6d66a0b5	2016-02-10T17:59:12.000Z	running	us-west-2b
rnaseq-recompute	toil-worker	65	665	172.31.34.114	54.213.177.170	i-24599ffc	2016-02-10T17:59:11.000Z	running	us-west-2b
rnaseq-recompute	toil-worker	66	666	172.31.33.199	54.213.135.161	i-6966a0b1	2016-02-10T17:59:11.000Z	running	us-west-2b
rnaseq-recompute	toil-worker	67	667	172.31.47.63	54.191.99.147	i-e567a13d	2016-02-10T17:59:11.000Z	running	us-west-2b
rnaseq-recompute	toil-worker	68	668	172.31.43.249	54.213.195.138	i-7967a1a1	2016-02-10T17:59:11.000Z	running	us-west-2b
rnaseq-recompute	toil-worker	69	669	172.31.43.111	54.213.175.173	i-6866a0b0	2016-02-10T17:59:11.000Z	running	us-west-2b
rnaseq-recompute	toil-worker	70	670	172.31.47.75	54.213.151.15	i-7964a2a1	2016-02-10T17:59:11.000Z	running	us-west-2b
rnaseq-recompute	toil-worker	71	671	172.31.47.54	54.213.195.106	i-7a67a1a2	2016-02-10T17:59:11.000Z	running	us-west-2b
rnaseq-recompute	toil-worker	72	672	172.31.40.62	54.213.126.41	i-25599ffd	2016-02-10T17:59:11.000Z	running	us-west-2b
rnaseq-recompute	toil-worker	73	673	172.31.45.97	54.213.125.6	i-6e66a0b6	2016-02-10T17:59:11.000Z	running	us-west-2b
rnaseq-recompute	toil-worker	74	674	172.31.35.214	54.191.118.16	i-bd67a165	2016-02-10T17:59:12.000Z	running	us-west-2b
rnaseq-recompute	toil-worker	75	675	172.31.35.19	54.213.194.186	i-7f64a2a7	2016-02-10T17:59:12.000Z	running	us-west-2b
rnaseq-recompute	toil-worker	76	676	172.31.42.112	54.213.195.220	i-5b66a083	2016-02-10T17:59:12.000Z	running	us-west-2b
rnaseq-recompute	toil-worker	77	677	172.31.46.249	54.213.196.148	i-bb67a163	2016-02-10T17:59:11.000Z	running	us-west-2b
rnaseq-recompute	toil-worker	78	678	172.31.43.65	54.213.51.60	i-6c66a0b4	2016-02-10T17:59:12.000Z	running	us-west-2b
rnaseq-recompute	toil-worker	79	679	172.31.37.136	54.213.88.54	i-e467a13c	2016-02-10T17:59:11.000Z	running	us-west-2b
rnaseq-recompute	toil-worker	80	680	172.31.33.93	54.213.199.200	i-be67a166	2016-02-10T17:59:12.000Z	running	us-west-2b
rnaseq-recompute	toil-worker	81	681	172.31.32.117	54.213.198.140	i-c567a11d	2016-02-10T17:59:11.000Z	running	us-west-2b
rnaseq-recompute	toil-worker	82	682	172.31.34.10	54.201.100.196	i-7e64a2a6	2016-02-10T17:59:12.000Z	running	us-west-2b
rnaseq-recompute	toil-worker	83	683	172.31.38.207	54.201.246.216	i-c667a11e	2016-02-10T17:59:11.000Z	running	us-west-2b
rnaseq-recompute	toil-worker	84	684	172.31.46.105	54.213.194.160	i-26599ffe	2016-02-10T17:59:11.000Z	running	us-west-2b
rnaseq-recompute	toil-worker	85	685	172.31.36.183	54.213.197.126	i-7b67a1a3	2016-02-10T17:59:11.000Z	running	us-west-2b
rnaseq-recompute	toil-worker	86	686	172.31.32.127	54.213.198.116	i-7f67a1a7	2016-02-10T17:59:12.000Z	running	us-west-2b
rnaseq-recompute	toil-worker	87	687	172.31.37.110	54.213.80.143	i-7e67a1a6	2016-02-10T17:59:12.000Z	running	us-west-2b
rnaseq-recompute	toil-worker	88	688	172.31.47.203	54.213.79.243	i-7864a2a0	2016-02-10T17:59:11.000Z	running	us-west-2b
rnaseq-recompute	toil-worker	89	689	172.31.32.90	54.213.200.43	i-7c67a1a4	2016-02-10T17:59:12.000Z	running	us-west-2b
rnaseq-recompute	toil-worker	90	690	172.31.37.75	54.191.153.173	i-7767a1af	2016-02-10T17:59:22.000Z	running	us-west-2b
rnaseq-recompute	toil-worker	91	691	172.31.45.206	54.213.194.118	i-5366a08b	2016-02-10T17:59:22.000Z	running	us-west-2b
rnaseq-recompute	toil-worker	92	692	172.31.34.169	54.213.109.31	i-7267a1aa	2016-02-10T17:59:22.000Z	running	us-west-2b
rnaseq-recompute	toil-worker	93	693	172.31.45.185	54.213.194.240	i-5d66a085	2016-02-10T17:59:22.000Z	running	us-west-2b
rnaseq-recompute	toil-worker	94	694	172.31.43.27	54.213.199.151	i-7667a1ae	2016-02-10T17:59:23.000Z	running	us-west-2b
rnaseq-recompute	toil-worker	95	695	172.31.38.200	54.213.135.240	i-7167a1a9	2016-02-10T17:59:22.000Z	running	us-west-2b
rnaseq-recompute	toil-worker	96	696	172.31.39.177	54.213.204.154	i-5c66a084	2016-02-10T17:59:22.000Z	running	us-west-2b
rnaseq-recompute	toil-worker	97	697	172.31.42.67	54.213.202.135	i-7567a1ad	2016-02-10T17:59:23.000Z	running	us-west-2b
rnaseq-recompute	toil-worker	98	698	172.31.42.254	54.213.202.229	i-5266a08a	2016-02-10T17:59:23.000Z	running	us-west-2b
rnaseq-recompute	toil-worker	99	699	172.31.42.33	54.213.23.148	i-7067a1a8	2016-02-10T17:59:22.000Z	running	us-west-2b
cluster_name	role_name	ordinal	cluster_ordinal	private_ip_address	ip_address	instance_id	launch_time	state	zone
rnaseq-recompute	toil-worker	0	173	172.31.34.195	54.200.197.86	i-f361a72b	2016-02-10T18:07:16.000Z	running	us-west-2b
rnaseq-recompute	toil-worker	1	700	172.31.40.43	54.218.50.205	i-c160a619	2016-02-10T18:07:16.000Z	running	us-west-2b
rnaseq-recompute	toil-worker	2	701	172.31.47.212	54.218.50.234	i-8c60a654	2016-02-10T18:07:17.000Z	running	us-west-2b
rnaseq-recompute	toil-worker	3	702	None	None	i-f261a72a	2016-02-10T18:07:17.000Z	terminated	us-west-2b
rnaseq-recompute	toil-worker	4	703	172.31.45.149	54.218.38.138	i-f76ea82f	2016-02-10T18:07:17.000Z	running	us-west-2b
rnaseq-recompute	toil-worker	5	704	172.31.43.191	54.218.50.108	i-8260a65a	2016-02-10T18:07:22.000Z	running	us-west-2b
rnaseq-recompute	toil-worker	6	705	172.31.40.188	54.213.245.252	i-f46ea82c	2016-02-10T18:07:22.000Z	running	us-west-2b
rnaseq-recompute	toil-worker	7	706	172.31.37.9	54.218.50.168	i-ea6ea832	2016-02-10T18:07:24.000Z	running	us-west-2b
rnaseq-recompute	toil-worker	8	707	172.31.39.140	54.213.3.53	i-8060a658	2016-02-10T18:07:23.000Z	running	us-west-2b
rnaseq-recompute	toil-worker	9	708	172.31.45.216	54.213.237.28	i-9f60a647	2016-02-10T18:07:23.000Z	running	us-west-2b
rnaseq-recompute	toil-worker	10	709	None	None	i-eb6ea833	2016-02-10T18:07:22.000Z	terminated	us-west-2b
rnaseq-recompute	toil-worker	11	710	172.31.42.11	54.218.51.78	i-f661a72e	2016-02-10T18:07:27.000Z	running	us-west-2b
rnaseq-recompute	toil-worker	12	711	172.31.35.129	54.218.38.12	i-e96ea831	2016-02-10T18:07:27.000Z	running	us-west-2b
rnaseq-recompute	toil-worker	13	712	172.31.43.126	54.201.186.80	i-3763a5ef	2016-02-10T18:07:29.000Z	running	us-west-2b
rnaseq-recompute	toil-worker	14	713	172.31.42.190	54.218.51.26	i-8660a65e	2016-02-10T18:07:26.000Z	running	us-west-2b
rnaseq-recompute	toil-worker	15	714	172.31.34.171	54.218.10.91	i-e86ea830	2016-02-10T18:07:28.000Z	running	us-west-2b
rnaseq-recompute	toil-worker	16	715	172.31.43.67	54.213.78.14	i-8460a65c	2016-02-10T18:07:29.000Z	running	us-west-2b
rnaseq-recompute	toil-worker	17	716	172.31.38.173	54.218.51.155	i-ef6ea837	2016-02-10T18:07:33.000Z	running	us-west-2b
rnaseq-recompute	toil-worker	18	717	172.31.33.159	54.191.110.58	i-f461a72c	2016-02-10T18:07:33.000Z	running	us-west-2b
rnaseq-recompute	toil-worker	19	718	172.31.36.109	54.218.45.114	i-2b63a5f3	2016-02-10T18:07:34.000Z	running	us-west-2b
rnaseq-recompute	toil-worker	20	719	172.31.45.66	54.218.55.88	i-2f63a5f7	2016-02-10T18:07:35.000Z	running	us-west-2b
rnaseq-recompute	toil-worker	21	720	172.31.39.113	54.218.55.163	i-e36ea83b	2016-02-10T18:07:34.000Z	running	us-west-2b
rnaseq-recompute	toil-worker	22	721	None	None	i-e06ea838	2016-02-10T18:07:34.000Z	terminated	us-west-2b
rnaseq-recompute	toil-worker	23	722	172.31.45.133	54.218.50.189	i-7860a6a0	2016-02-10T18:07:34.000Z	running	us-west-2b
rnaseq-recompute	toil-worker	24	723	172.31.34.66	54.218.38.25	i-ea61a732	2016-02-10T18:07:34.000Z	running	us-west-2b
rnaseq-recompute	toil-worker	25	724	None	None	i-e46ea83c	2016-02-10T18:07:39.000Z	terminated	us-west-2b
rnaseq-recompute	toil-worker	26	725	None	None	i-2963a5f1	2016-02-10T18:07:34.000Z	terminated	us-west-2b
rnaseq-recompute	toil-worker	27	726	None	None	i-ed6ea835	2016-02-10T18:07:34.000Z	terminated	us-west-2b
rnaseq-recompute	toil-worker	28	727	172.31.46.48	54.213.15.8	i-e16ea839	2016-02-10T18:07:34.000Z	running	us-west-2b
rnaseq-recompute	toil-worker	29	728	172.31.36.115	54.191.254.151	i-7e60a6a6	2016-02-10T18:07:35.000Z	running	us-west-2b
rnaseq-recompute	toil-worker	30	729	172.31.32.23	54.218.50.169	i-ee6ea836	2016-02-10T18:07:33.000Z	running	us-west-2b
rnaseq-recompute	toil-worker	31	730	172.31.43.140	54.191.206.107	i-7c60a6a4	2016-02-10T18:07:37.000Z	running	us-west-2b
rnaseq-recompute	toil-worker	32	731	None	None	i-e861a730	2016-02-10T18:07:34.000Z	terminated	us-west-2b
rnaseq-recompute	toil-worker	33	732	172.31.37.223	54.218.51.38	i-3463a5ec	2016-02-10T18:07:33.000Z	running	us-west-2b
rnaseq-recompute	toil-worker	34	733	172.31.40.114	54.218.51.140	i-e961a731	2016-02-10T18:07:34.000Z	running	us-west-2b
rnaseq-recompute	toil-worker	35	734	172.31.46.47	54.218.45.53	i-7d60a6a5	2016-02-10T18:07:35.000Z	running	us-west-2b
rnaseq-recompute	toil-worker	36	735	None	None	i-f561a72d	2016-02-10T18:07:33.000Z	terminated	us-west-2b
rnaseq-recompute	toil-worker	37	736	None	None	i-2863a5f0	2016-02-10T18:07:34.000Z	terminated	us-west-2b
rnaseq-recompute	toil-worker	38	737	172.31.33.53	54.218.55.156	i-2a63a5f2	2016-02-10T18:07:34.000Z	running	us-west-2b
rnaseq-recompute	toil-worker	39	738	172.31.35.4	54.218.51.217	i-eb61a733	2016-02-10T18:07:34.000Z	running	us-west-2b
rnaseq-recompute	toil-worker	40	739	None	None	i-7f60a6a7	2016-02-10T18:07:34.000Z	terminated	us-west-2b
rnaseq-recompute	toil-worker	41	740	172.31.41.210	54.218.50.149	i-ec6ea834	2016-02-10T18:07:34.000Z	running	us-west-2b
rnaseq-recompute	toil-worker	42	741	None	None	i-e26ea83a	2016-02-10T18:07:34.000Z	terminated	us-west-2b
rnaseq-recompute	toil-worker	43	742	172.31.35.64	54.218.55.160	i-3563a5ed	2016-02-10T18:07:33.000Z	running	us-west-2b
rnaseq-recompute	toil-worker	44	743	172.31.42.82	54.218.50.193	i-e76ea83f	2016-02-10T18:07:34.000Z	running	us-west-2b
rnaseq-recompute	toil-worker	45	744	172.31.33.194	54.218.51.211	i-2263a5fa	2016-02-10T18:07:46.000Z	running	us-west-2b
rnaseq-recompute	toil-worker	46	745	172.31.44.98	54.218.55.184	i-e361a73b	2016-02-10T18:07:45.000Z	running	us-west-2b
rnaseq-recompute	toil-worker	47	746	None	None	i-da6ea802	2016-02-10T18:07:45.000Z	terminated	us-west-2b
rnaseq-recompute	toil-worker	48	747	None	None	i-2c63a5f4	2016-02-10T18:07:45.000Z	terminated	us-west-2b
rnaseq-recompute	toil-worker	49	748	172.31.34.43	54.213.207.88	i-8e6bad56	2016-02-10T18:17:59.000Z	running	us-west-2b
rnaseq-recompute	toil-worker	50	749	172.31.39.245	54.191.142.60	i-256badfd	2016-02-10T18:18:03.000Z	running	us-west-2b
rnaseq-recompute	toil-worker	51	750	172.31.42.16	54.213.135.26	i-266badfe	2016-02-10T18:18:03.000Z	running	us-west-2b
rnaseq-recompute	toil-worker	52	751	172.31.39.104	54.213.219.155	i-7d68aea5	2016-02-10T18:18:03.000Z	running	us-west-2b
rnaseq-recompute	toil-worker	53	752	172.31.43.55	54.213.213.159	i-7768aeaf	2016-02-10T18:18:04.000Z	running	us-west-2b
rnaseq-recompute	toil-worker	54	753	172.31.43.82	54.200.67.155	i-0d68aed5	2016-02-10T18:18:04.000Z	running	us-west-2b
rnaseq-recompute	toil-worker	55	754	172.31.39.179	54.218.58.14	i-0168aed9	2016-02-10T18:18:04.000Z	running	us-west-2b
rnaseq-recompute	toil-worker	56	755	172.31.36.116	54.218.51.4	i-0f68aed7	2016-02-10T18:18:04.000Z	running	us-west-2b
rnaseq-recompute	toil-worker	57	756	172.31.32.37	54.191.112.95	i-0768aedf	2016-02-10T18:18:04.000Z	running	us-west-2b
rnaseq-recompute	toil-worker	58	757	172.31.36.75	54.218.38.41	i-7668aeae	2016-02-10T18:18:04.000Z	running	us-west-2b
rnaseq-recompute	toil-worker	59	758	172.31.41.88	54.218.50.246	i-fe69af26	2016-02-10T18:18:04.000Z	running	us-west-2b
rnaseq-recompute	toil-worker	60	759	172.31.34.5	54.218.51.101	i-0a68aed2	2016-02-10T18:18:03.000Z	running	us-west-2b
rnaseq-recompute	toil-worker	61	760	172.31.45.106	54.213.14.25	i-ff69af27	2016-02-10T18:18:04.000Z	running	us-west-2b
rnaseq-recompute	toil-worker	62	761	172.31.40.70	54.213.150.251	i-836bad5b	2016-02-10T18:18:04.000Z	running	us-west-2b
rnaseq-recompute	toil-worker	63	762	172.31.40.10	54.201.228.175	i-fc69af24	2016-02-10T18:18:06.000Z	running	us-west-2b
rnaseq-recompute	toil-worker	64	763	172.31.32.40	54.213.63.149	i-856bad5d	2016-02-10T18:18:10.000Z	running	us-west-2b
rnaseq-recompute	toil-worker	65	764	172.31.44.214	54.213.47.93	i-fa69af22	2016-02-10T18:18:04.000Z	running	us-west-2b
rnaseq-recompute	toil-worker	66	765	172.31.38.95	54.213.207.107	i-0368aedb	2016-02-10T18:18:04.000Z	running	us-west-2b
rnaseq-recompute	toil-worker	67	766	172.31.45.69	54.218.58.83	i-f969af21	2016-02-10T18:18:04.000Z	running	us-west-2b
rnaseq-recompute	toil-worker	68	767	172.31.32.181	54.218.51.146	i-7268aeaa	2016-02-10T18:18:03.000Z	running	us-west-2b
rnaseq-recompute	toil-worker	69	768	172.31.40.15	54.218.45.177	i-0c68aed4	2016-02-10T18:18:04.000Z	running	us-west-2b
rnaseq-recompute	toil-worker	70	769	172.31.41.138	54.218.57.145	i-0068aed8	2016-02-10T18:18:04.000Z	running	us-west-2b
rnaseq-recompute	toil-worker	71	770	172.31.36.111	54.191.250.8	i-246badfc	2016-02-10T18:18:03.000Z	running	us-west-2b
rnaseq-recompute	toil-worker	72	771	172.31.47.186	54.191.254.12	i-7068aea8	2016-02-10T18:18:04.000Z	running	us-west-2b
rnaseq-recompute	toil-worker	73	772	172.31.43.112	54.213.4.120	i-0868aed0	2016-02-10T18:18:04.000Z	running	us-west-2b
rnaseq-recompute	toil-worker	74	773	172.31.45.202	54.201.90.105	i-0e68aed6	2016-02-10T18:18:04.000Z	running	us-west-2b
rnaseq-recompute	toil-worker	75	774	172.31.39.111	54.213.219.63	i-806bad58	2016-02-10T18:18:04.000Z	running	us-west-2b
rnaseq-recompute	toil-worker	76	775	172.31.42.155	54.213.149.229	i-7368aeab	2016-02-10T18:18:03.000Z	running	us-west-2b
rnaseq-recompute	toil-worker	77	776	172.31.38.37	54.213.22.6	i-fb69af23	2016-02-10T18:18:03.000Z	running	us-west-2b
rnaseq-recompute	toil-worker	78	777	172.31.46.62	54.200.72.5	i-7168aea9	2016-02-10T18:18:04.000Z	running	us-west-2b
rnaseq-recompute	toil-worker	79	778	172.31.42.255	54.218.58.46	i-0268aeda	2016-02-10T18:18:04.000Z	running	us-west-2b
rnaseq-recompute	toil-worker	80	779	172.31.39.94	54.218.57.184	i-8c6bad54	2016-02-10T18:18:03.000Z	running	us-west-2b
rnaseq-recompute	toil-worker	81	780	172.31.39.8	54.191.154.85	i-7c68aea4	2016-02-10T18:18:03.000Z	running	us-west-2b
rnaseq-recompute	toil-worker	82	781	172.31.42.81	54.218.58.84	i-7568aead	2016-02-10T18:18:04.000Z	running	us-west-2b
rnaseq-recompute	toil-worker	83	782	172.31.44.152	54.200.126.150	i-0968aed1	2016-02-10T18:18:04.000Z	running	us-west-2b
rnaseq-recompute	toil-worker	84	783	172.31.44.179	54.218.57.83	i-826bad5a	2016-02-10T18:18:04.000Z	running	us-west-2b
rnaseq-recompute	toil-worker	85	784	172.31.45.218	54.218.58.53	i-5d68ae85	2016-02-10T18:18:15.000Z	running	us-west-2b
rnaseq-recompute	toil-worker	86	785	172.31.46.78	54.218.58.135	i-ee69af36	2016-02-10T18:18:15.000Z	running	us-west-2b
rnaseq-recompute	toil-worker	87	786	172.31.46.132	54.213.127.183	i-a469af7c	2016-02-10T18:18:15.000Z	running	us-west-2b
rnaseq-recompute	toil-worker	88	787	172.31.36.73	54.218.58.111	i-a569af7d	2016-02-10T18:18:15.000Z	running	us-west-2b
rnaseq-recompute	toil-worker	89	788	172.31.45.213	54.191.173.105	i-ed69af35	2016-02-10T18:18:15.000Z	running	us-west-2b
rnaseq-recompute	toil-worker	90	789	172.31.43.61	54.218.58.92	i-5e68ae86	2016-02-10T18:18:15.000Z	running	us-west-2b
rnaseq-recompute	toil-worker	91	790	172.31.38.230	54.218.58.118	i-5b68ae83	2016-02-10T18:18:14.000Z	running	us-west-2b
rnaseq-recompute	toil-worker	92	791	172.31.46.223	54.218.58.134	i-e369af3b	2016-02-10T18:18:15.000Z	running	us-west-2b
rnaseq-recompute	toil-worker	93	792	172.31.47.39	54.213.61.249	i-5868ae80	2016-02-10T18:18:15.000Z	running	us-west-2b
rnaseq-recompute	toil-worker	94	793	172.31.44.217	54.218.58.102	i-5968ae81	2016-02-10T18:18:15.000Z	running	us-west-2b
rnaseq-recompute	toil-worker	95	794	172.31.36.29	54.218.57.251	i-a669af7e	2016-02-10T18:18:14.000Z	running	us-west-2b
rnaseq-recompute	toil-worker	96	795	172.31.32.148	54.218.57.220	i-7b69afa3	2016-02-10T18:18:15.000Z	running	us-west-2b
rnaseq-recompute	toil-worker	97	796	172.31.47.115	54.213.205.79	i-b976b061	2016-02-10T18:18:15.000Z	running	us-west-2b
rnaseq-recompute	toil-worker	98	797	172.31.32.106	54.200.194.33	i-ba76b062	2016-02-10T18:18:14.000Z	running	us-west-2b
rnaseq-recompute	toil-worker	99	798	172.31.34.31	54.218.64.68	i-a769af7f	2016-02-10T18:18:14.000Z	running	us-west-2b
rnaseq-recompute	toil-worker	100	799	172.31.46.84	54.218.22.248	i-5a68ae82	2016-02-10T18:18:14.000Z	running	us-west-2b
rnaseq-recompute	toil-worker	101	800	172.31.42.18	54.218.58.70	i-7468aeac	2016-02-10T18:18:14.000Z	running	us-west-2b
rnaseq-recompute	toil-worker	102	801	172.31.41.186	54.218.58.96	i-ef69af37	2016-02-10T18:18:14.000Z	running	us-west-2b
